Uniprot ID,Gene Symbol,variant,QAFI_predictions
Q96A32,MYL11,M1A,0.933
Q96A32,MYL11,M1Y,0.885
Q96A32,MYL11,M1W,0.9
Q96A32,MYL11,M1V,1.028
Q96A32,MYL11,M1T,0.984
Q96A32,MYL11,M1S,0.898
Q96A32,MYL11,M1Q,0.941
Q96A32,MYL11,M1P,0.839
Q96A32,MYL11,M1N,0.873
Q96A32,MYL11,M1R,0.924
Q96A32,MYL11,M1K,0.937
Q96A32,MYL11,M1L,1.035
Q96A32,MYL11,M1D,0.773
Q96A32,MYL11,M1E,0.867
Q96A32,MYL11,M1F,0.923
Q96A32,MYL11,M1C,0.88
Q96A32,MYL11,M1H,0.876
Q96A32,MYL11,M1I,1.025
Q96A32,MYL11,M1G,0.802
Q96A32,MYL11,A2P,0.836
Q96A32,MYL11,A2Y,0.766
Q96A32,MYL11,A2W,0.683
Q96A32,MYL11,A2V,0.899
Q96A32,MYL11,A2T,0.91
Q96A32,MYL11,A2S,0.912
Q96A32,MYL11,A2R,0.762
Q96A32,MYL11,A2Q,0.794
Q96A32,MYL11,A2N,0.792
Q96A32,MYL11,A2G,0.876
Q96A32,MYL11,A2L,0.804
Q96A32,MYL11,A2M,0.843
Q96A32,MYL11,A2D,0.788
Q96A32,MYL11,A2E,0.824
Q96A32,MYL11,A2F,0.76
Q96A32,MYL11,A2C,0.855
Q96A32,MYL11,A2H,0.744
Q96A32,MYL11,A2I,0.829
Q96A32,MYL11,A2K,0.781
Q96A32,MYL11,P3Y,0.68
Q96A32,MYL11,P3W,0.574
Q96A32,MYL11,P3V,0.71
Q96A32,MYL11,P3T,0.774
Q96A32,MYL11,P3S,0.784
Q96A32,MYL11,P3Q,0.782
Q96A32,MYL11,P3N,0.68
Q96A32,MYL11,P3M,0.722
Q96A32,MYL11,P3L,0.728
Q96A32,MYL11,P3R,0.714
Q96A32,MYL11,P3I,0.68
Q96A32,MYL11,P3C,0.676
Q96A32,MYL11,P3D,0.669
Q96A32,MYL11,P3E,0.708
Q96A32,MYL11,P3A,0.795
Q96A32,MYL11,P3K,0.697
Q96A32,MYL11,P3G,0.659
Q96A32,MYL11,P3H,0.737
Q96A32,MYL11,P3F,0.637
Q96A32,MYL11,K4N,0.929
Q96A32,MYL11,K4W,0.805
Q96A32,MYL11,K4V,0.822
Q96A32,MYL11,K4T,0.893
Q96A32,MYL11,K4S,0.862
Q96A32,MYL11,K4R,1.002
Q96A32,MYL11,K4Q,0.956
Q96A32,MYL11,K4P,0.789
Q96A32,MYL11,K4M,0.906
Q96A32,MYL11,K4Y,0.774
Q96A32,MYL11,K4I,0.824
Q96A32,MYL11,K4A,0.833
Q96A32,MYL11,K4C,0.754
Q96A32,MYL11,K4D,0.804
Q96A32,MYL11,K4L,0.81
Q96A32,MYL11,K4F,0.732
Q96A32,MYL11,K4G,0.768
Q96A32,MYL11,K4H,0.866
Q96A32,MYL11,K4E,0.934
Q96A32,MYL11,R5M,0.878
Q96A32,MYL11,R5W,0.871
Q96A32,MYL11,R5V,0.782
Q96A32,MYL11,R5T,0.869
Q96A32,MYL11,R5S,0.865
Q96A32,MYL11,R5Q,0.969
Q96A32,MYL11,R5P,0.802
Q96A32,MYL11,R5N,0.895
Q96A32,MYL11,R5Y,0.815
Q96A32,MYL11,R5L,0.837
Q96A32,MYL11,R5I,0.8
Q96A32,MYL11,R5H,0.96
Q96A32,MYL11,R5G,0.847
Q96A32,MYL11,R5F,0.705
Q96A32,MYL11,R5E,0.84
Q96A32,MYL11,R5D,0.736
Q96A32,MYL11,R5C,0.876
Q96A32,MYL11,R5A,0.795
Q96A32,MYL11,R5K,0.996
Q96A32,MYL11,A6Q,0.738
Q96A32,MYL11,A6R,0.712
Q96A32,MYL11,A6S,0.855
Q96A32,MYL11,A6P,0.78
Q96A32,MYL11,A6V,0.842
Q96A32,MYL11,A6W,0.642
Q96A32,MYL11,A6Y,0.714
Q96A32,MYL11,A6T,0.854
Q96A32,MYL11,A6N,0.736
Q96A32,MYL11,A6G,0.82
Q96A32,MYL11,A6L,0.748
Q96A32,MYL11,A6D,0.732
Q96A32,MYL11,A6E,0.768
Q96A32,MYL11,A6F,0.708
Q96A32,MYL11,A6C,0.799
Q96A32,MYL11,A6H,0.696
Q96A32,MYL11,A6I,0.772
Q96A32,MYL11,A6K,0.726
Q96A32,MYL11,A6M,0.787
Q96A32,MYL11,K7P,0.788
Q96A32,MYL11,K7Y,0.772
Q96A32,MYL11,K7W,0.804
Q96A32,MYL11,K7V,0.82
Q96A32,MYL11,K7T,0.883
Q96A32,MYL11,K7S,0.857
Q96A32,MYL11,K7R,0.991
Q96A32,MYL11,K7Q,0.944
Q96A32,MYL11,K7N,0.919
Q96A32,MYL11,K7M,0.895
Q96A32,MYL11,K7L,0.808
Q96A32,MYL11,K7C,0.752
Q96A32,MYL11,K7D,0.803
Q96A32,MYL11,K7E,0.924
Q96A32,MYL11,K7A,0.832
Q96A32,MYL11,K7G,0.768
Q96A32,MYL11,K7H,0.86
Q96A32,MYL11,K7I,0.823
Q96A32,MYL11,K7F,0.731
Q96A32,MYL11,R8M,0.875
Q96A32,MYL11,R8W,0.87
Q96A32,MYL11,R8V,0.78
Q96A32,MYL11,R8T,0.867
Q96A32,MYL11,R8S,0.864
Q96A32,MYL11,R8Q,0.958
Q96A32,MYL11,R8P,0.801
Q96A32,MYL11,R8N,0.888
Q96A32,MYL11,R8L,0.836
Q96A32,MYL11,R8Y,0.814
Q96A32,MYL11,R8I,0.8
Q96A32,MYL11,R8A,0.794
Q96A32,MYL11,R8C,0.874
Q96A32,MYL11,R8D,0.735
Q96A32,MYL11,R8K,0.985
Q96A32,MYL11,R8F,0.704
Q96A32,MYL11,R8G,0.846
Q96A32,MYL11,R8H,0.949
Q96A32,MYL11,R8E,0.839
Q96A32,MYL11,R9M,0.822
Q96A32,MYL11,R9W,0.816
Q96A32,MYL11,R9V,0.744
Q96A32,MYL11,R9T,0.814
Q96A32,MYL11,R9S,0.811
Q96A32,MYL11,R9Q,0.905
Q96A32,MYL11,R9P,0.76
Q96A32,MYL11,R9N,0.834
Q96A32,MYL11,R9L,0.789
Q96A32,MYL11,R9Y,0.771
Q96A32,MYL11,R9I,0.76
Q96A32,MYL11,R9A,0.755
Q96A32,MYL11,R9C,0.82
Q96A32,MYL11,R9D,0.708
Q96A32,MYL11,R9K,0.932
Q96A32,MYL11,R9F,0.684
Q96A32,MYL11,R9G,0.797
Q96A32,MYL11,R9H,0.896
Q96A32,MYL11,R9E,0.792
Q96A32,MYL11,T10M,1.117
Q96A32,MYL11,T10W,0.87
Q96A32,MYL11,T10V,1.102
Q96A32,MYL11,T10S,1.148
Q96A32,MYL11,T10R,1.032
Q96A32,MYL11,T10Q,1.014
Q96A32,MYL11,T10P,1.03
Q96A32,MYL11,T10N,1.109
Q96A32,MYL11,T10Y,0.97
Q96A32,MYL11,T10L,1.014
Q96A32,MYL11,T10I,1.103
Q96A32,MYL11,T10H,0.978
Q96A32,MYL11,T10G,0.962
Q96A32,MYL11,T10F,0.954
Q96A32,MYL11,T10E,0.984
Q96A32,MYL11,T10D,0.961
Q96A32,MYL11,T10C,1.039
Q96A32,MYL11,T10A,1.146
Q96A32,MYL11,T10K,1.046
Q96A32,MYL11,V11N,0.908
Q96A32,MYL11,V11P,0.916
Q96A32,MYL11,V11R,0.902
Q96A32,MYL11,V11M,1.142
Q96A32,MYL11,V11T,1.079
Q96A32,MYL11,V11W,0.882
Q96A32,MYL11,V11Y,0.967
Q96A32,MYL11,V11S,0.946
Q96A32,MYL11,V11L,1.109
Q96A32,MYL11,V11Q,0.946
Q96A32,MYL11,V11I,1.196
Q96A32,MYL11,V11C,1.016
Q96A32,MYL11,V11D,0.912
Q96A32,MYL11,V11E,0.983
Q96A32,MYL11,V11A,1.098
Q96A32,MYL11,V11K,0.932
Q96A32,MYL11,V11G,0.94
Q96A32,MYL11,V11H,0.885
Q96A32,MYL11,V11F,1.022
Q96A32,MYL11,E12P,0.834
Q96A32,MYL11,E12Y,0.831
Q96A32,MYL11,E12W,0.76
Q96A32,MYL11,E12V,0.896
Q96A32,MYL11,E12T,0.872
Q96A32,MYL11,E12S,0.874
Q96A32,MYL11,E12R,0.905
Q96A32,MYL11,E12Q,1.048
Q96A32,MYL11,E12N,0.906
Q96A32,MYL11,E12M,0.865
Q96A32,MYL11,E12L,0.806
Q96A32,MYL11,E12C,0.752
Q96A32,MYL11,E12D,1.056
Q96A32,MYL11,E12F,0.764
Q96A32,MYL11,E12A,0.929
Q96A32,MYL11,E12H,0.903
Q96A32,MYL11,E12I,0.845
Q96A32,MYL11,E12K,0.994
Q96A32,MYL11,E12G,0.892
Q96A32,MYL11,G13N,0.883
Q96A32,MYL11,G13W,0.784
Q96A32,MYL11,G13V,0.806
Q96A32,MYL11,G13T,0.791
Q96A32,MYL11,G13S,0.929
Q96A32,MYL11,G13R,0.846
Q96A32,MYL11,G13Q,0.781
Q96A32,MYL11,G13P,0.726
Q96A32,MYL11,G13M,0.731
Q96A32,MYL11,G13Y,0.708
Q96A32,MYL11,G13K,0.778
Q96A32,MYL11,G13A,0.935
Q96A32,MYL11,G13C,0.834
Q96A32,MYL11,G13D,0.858
Q96A32,MYL11,G13L,0.674
Q96A32,MYL11,G13F,0.737
Q96A32,MYL11,G13H,0.764
Q96A32,MYL11,G13I,0.724
Q96A32,MYL11,G13E,0.838
Q96A32,MYL11,G14N,0.93
Q96A32,MYL11,G14W,0.844
Q96A32,MYL11,G14V,0.865
Q96A32,MYL11,G14T,0.85
Q96A32,MYL11,G14S,0.968
Q96A32,MYL11,G14R,0.902
Q96A32,MYL11,G14Q,0.84
Q96A32,MYL11,G14P,0.786
Q96A32,MYL11,G14M,0.79
Q96A32,MYL11,G14Y,0.767
Q96A32,MYL11,G14K,0.837
Q96A32,MYL11,G14A,0.972
Q96A32,MYL11,G14C,0.892
Q96A32,MYL11,G14D,0.911
Q96A32,MYL11,G14L,0.734
Q96A32,MYL11,G14F,0.796
Q96A32,MYL11,G14H,0.824
Q96A32,MYL11,G14I,0.784
Q96A32,MYL11,G14E,0.895
Q96A32,MYL11,S15M,0.86
Q96A32,MYL11,S15W,0.788
Q96A32,MYL11,S15V,0.822
Q96A32,MYL11,S15T,0.954
Q96A32,MYL11,S15R,0.86
Q96A32,MYL11,S15Q,0.854
Q96A32,MYL11,S15P,0.878
Q96A32,MYL11,S15N,0.966
Q96A32,MYL11,S15Y,0.85
Q96A32,MYL11,S15L,0.837
Q96A32,MYL11,S15I,0.835
Q96A32,MYL11,S15H,0.845
Q96A32,MYL11,S15G,0.911
Q96A32,MYL11,S15F,0.855
Q96A32,MYL11,S15E,0.827
Q96A32,MYL11,S15D,0.852
Q96A32,MYL11,S15C,0.913
Q96A32,MYL11,S15A,0.954
Q96A32,MYL11,S15K,0.856
Q96A32,MYL11,S16N,0.809
Q96A32,MYL11,S16P,0.72
Q96A32,MYL11,S16Q,0.698
Q96A32,MYL11,S16M,0.702
Q96A32,MYL11,S16T,0.798
Q96A32,MYL11,S16V,0.665
Q96A32,MYL11,S16W,0.628
Q96A32,MYL11,S16R,0.702
Q96A32,MYL11,S16L,0.68
Q96A32,MYL11,S16Y,0.692
Q96A32,MYL11,S16I,0.678
Q96A32,MYL11,S16A,0.796
Q96A32,MYL11,S16C,0.755
Q96A32,MYL11,S16D,0.694
Q96A32,MYL11,S16K,0.699
Q96A32,MYL11,S16F,0.697
Q96A32,MYL11,S16G,0.754
Q96A32,MYL11,S16H,0.688
Q96A32,MYL11,S16E,0.67
Q96A32,MYL11,S17W,0.66
Q96A32,MYL11,S17V,0.714
Q96A32,MYL11,S17T,0.901
Q96A32,MYL11,S17R,0.772
Q96A32,MYL11,S17Q,0.773
Q96A32,MYL11,S17P,0.792
Q96A32,MYL11,S17N,0.914
Q96A32,MYL11,S17M,0.772
Q96A32,MYL11,S17L,0.728
Q96A32,MYL11,S17Y,0.738
Q96A32,MYL11,S17I,0.725
Q96A32,MYL11,S17A,0.899
Q96A32,MYL11,S17C,0.826
Q96A32,MYL11,S17D,0.77
Q96A32,MYL11,S17K,0.775
Q96A32,MYL11,S17F,0.742
Q96A32,MYL11,S17G,0.84
Q96A32,MYL11,S17H,0.754
Q96A32,MYL11,S17E,0.741
Q96A32,MYL11,V18M,0.731
Q96A32,MYL11,V18W,0.466
Q96A32,MYL11,V18T,0.624
Q96A32,MYL11,V18S,0.508
Q96A32,MYL11,V18R,0.434
Q96A32,MYL11,V18Q,0.493
Q96A32,MYL11,V18P,0.476
Q96A32,MYL11,V18N,0.466
Q96A32,MYL11,V18Y,0.528
Q96A32,MYL11,V18L,0.716
Q96A32,MYL11,V18I,0.788
Q96A32,MYL11,V18K,0.462
Q96A32,MYL11,V18A,0.662
Q96A32,MYL11,V18C,0.615
Q96A32,MYL11,V18D,0.452
Q96A32,MYL11,V18F,0.631
Q96A32,MYL11,V18G,0.513
Q96A32,MYL11,V18H,0.456
Q96A32,MYL11,V18E,0.51
Q96A32,MYL11,F19Y,0.825
Q96A32,MYL11,F19W,0.688
Q96A32,MYL11,F19V,0.702
Q96A32,MYL11,F19T,0.617
Q96A32,MYL11,F19S,0.651
Q96A32,MYL11,F19R,0.56
Q96A32,MYL11,F19Q,0.567
Q96A32,MYL11,F19P,0.506
Q96A32,MYL11,F19N,0.554
Q96A32,MYL11,F19M,0.694
Q96A32,MYL11,F19K,0.528
Q96A32,MYL11,F19A,0.614
Q96A32,MYL11,F19C,0.677
Q96A32,MYL11,F19D,0.552
Q96A32,MYL11,F19L,0.76
Q96A32,MYL11,F19G,0.51
Q96A32,MYL11,F19H,0.663
Q96A32,MYL11,F19I,0.727
Q96A32,MYL11,F19E,0.496
Q96A32,MYL11,S20M,0.642
Q96A32,MYL11,S20W,0.561
Q96A32,MYL11,S20V,0.614
Q96A32,MYL11,S20T,0.758
Q96A32,MYL11,S20R,0.646
Q96A32,MYL11,S20Q,0.645
Q96A32,MYL11,S20P,0.684
Q96A32,MYL11,S20N,0.777
Q96A32,MYL11,S20L,0.624
Q96A32,MYL11,S20Y,0.628
Q96A32,MYL11,S20I,0.618
Q96A32,MYL11,S20A,0.751
Q96A32,MYL11,S20C,0.67
Q96A32,MYL11,S20D,0.648
Q96A32,MYL11,S20K,0.655
Q96A32,MYL11,S20F,0.64
Q96A32,MYL11,S20G,0.72
Q96A32,MYL11,S20H,0.629
Q96A32,MYL11,S20E,0.615
Q96A32,MYL11,M21N,0.631
Q96A32,MYL11,M21W,0.664
Q96A32,MYL11,M21V,0.82
Q96A32,MYL11,M21T,0.762
Q96A32,MYL11,M21S,0.665
Q96A32,MYL11,M21R,0.682
Q96A32,MYL11,M21Q,0.698
Q96A32,MYL11,M21P,0.609
Q96A32,MYL11,M21Y,0.638
Q96A32,MYL11,M21L,0.828
Q96A32,MYL11,M21I,0.811
Q96A32,MYL11,M21H,0.63
Q96A32,MYL11,M21G,0.572
Q96A32,MYL11,M21F,0.698
Q96A32,MYL11,M21E,0.619
Q96A32,MYL11,M21D,0.538
Q96A32,MYL11,M21C,0.652
Q96A32,MYL11,M21A,0.71
Q96A32,MYL11,M21K,0.696
Q96A32,MYL11,F22Q,0.32
Q96A32,MYL11,F22R,0.336
Q96A32,MYL11,F22S,0.455
Q96A32,MYL11,F22P,0.254
Q96A32,MYL11,F22V,0.582
Q96A32,MYL11,F22W,0.59
Q96A32,MYL11,F22Y,0.701
Q96A32,MYL11,F22T,0.427
Q96A32,MYL11,F22N,0.363
Q96A32,MYL11,F22G,0.347
Q96A32,MYL11,F22L,0.659
Q96A32,MYL11,F22C,0.554
Q96A32,MYL11,F22D,0.284
Q96A32,MYL11,F22E,0.241
Q96A32,MYL11,F22A,0.44
Q96A32,MYL11,F22H,0.502
Q96A32,MYL11,F22I,0.622
Q96A32,MYL11,F22K,0.302
Q96A32,MYL11,F22M,0.601
Q96A32,MYL11,D23P,0.626
Q96A32,MYL11,D23Y,0.655
Q96A32,MYL11,D23W,0.521
Q96A32,MYL11,D23V,0.633
Q96A32,MYL11,D23T,0.674
Q96A32,MYL11,D23S,0.725
Q96A32,MYL11,D23R,0.59
Q96A32,MYL11,D23Q,0.704
Q96A32,MYL11,D23N,0.823
Q96A32,MYL11,D23M,0.605
Q96A32,MYL11,D23L,0.566
Q96A32,MYL11,D23C,0.598
Q96A32,MYL11,D23E,0.852
Q96A32,MYL11,D23F,0.617
Q96A32,MYL11,D23A,0.68
Q96A32,MYL11,D23H,0.695
Q96A32,MYL11,D23I,0.605
Q96A32,MYL11,D23K,0.661
Q96A32,MYL11,D23G,0.734
Q96A32,MYL11,Q24M,0.694
Q96A32,MYL11,Q24W,0.532
Q96A32,MYL11,Q24V,0.608
Q96A32,MYL11,Q24T,0.647
Q96A32,MYL11,Q24S,0.658
Q96A32,MYL11,Q24R,0.739
Q96A32,MYL11,Q24P,0.658
Q96A32,MYL11,Q24N,0.673
Q96A32,MYL11,Q24L,0.637
Q96A32,MYL11,Q24Y,0.617
Q96A32,MYL11,Q24I,0.57
Q96A32,MYL11,Q24A,0.642
Q96A32,MYL11,Q24C,0.556
Q96A32,MYL11,Q24D,0.645
Q96A32,MYL11,Q24K,0.728
Q96A32,MYL11,Q24F,0.554
Q96A32,MYL11,Q24G,0.583
Q96A32,MYL11,Q24H,0.71
Q96A32,MYL11,Q24E,0.76
Q96A32,MYL11,T25M,0.858
Q96A32,MYL11,T25W,0.657
Q96A32,MYL11,T25V,0.855
Q96A32,MYL11,T25S,0.901
Q96A32,MYL11,T25R,0.804
Q96A32,MYL11,T25Q,0.785
Q96A32,MYL11,T25P,0.819
Q96A32,MYL11,T25N,0.866
Q96A32,MYL11,T25L,0.784
Q96A32,MYL11,T25Y,0.744
Q96A32,MYL11,T25I,0.843
Q96A32,MYL11,T25A,0.874
Q96A32,MYL11,T25C,0.774
Q96A32,MYL11,T25D,0.736
Q96A32,MYL11,T25K,0.813
Q96A32,MYL11,T25F,0.746
Q96A32,MYL11,T25G,0.76
Q96A32,MYL11,T25H,0.764
Q96A32,MYL11,T25E,0.758
Q96A32,MYL11,Q26M,0.703
Q96A32,MYL11,Q26W,0.652
Q96A32,MYL11,Q26V,0.583
Q96A32,MYL11,Q26T,0.562
Q96A32,MYL11,Q26S,0.568
Q96A32,MYL11,Q26R,0.672
Q96A32,MYL11,Q26P,0.581
Q96A32,MYL11,Q26N,0.56
Q96A32,MYL11,Q26Y,0.636
Q96A32,MYL11,Q26L,0.649
Q96A32,MYL11,Q26I,0.573
Q96A32,MYL11,Q26H,0.681
Q96A32,MYL11,Q26G,0.521
Q96A32,MYL11,Q26F,0.563
Q96A32,MYL11,Q26E,0.666
Q96A32,MYL11,Q26D,0.524
Q96A32,MYL11,Q26C,0.598
Q96A32,MYL11,Q26A,0.566
Q96A32,MYL11,Q26K,0.635
Q96A32,MYL11,I27Q,0.396
Q96A32,MYL11,I27R,0.425
Q96A32,MYL11,I27S,0.454
Q96A32,MYL11,I27P,0.327
Q96A32,MYL11,I27V,0.79
Q96A32,MYL11,I27W,0.448
Q96A32,MYL11,I27Y,0.482
Q96A32,MYL11,I27T,0.571
Q96A32,MYL11,I27N,0.39
Q96A32,MYL11,I27M,0.716
Q96A32,MYL11,I27L,0.734
Q96A32,MYL11,I27C,0.605
Q96A32,MYL11,I27D,0.316
Q96A32,MYL11,I27E,0.32
Q96A32,MYL11,I27A,0.57
Q96A32,MYL11,I27G,0.326
Q96A32,MYL11,I27H,0.46
Q96A32,MYL11,I27K,0.436
Q96A32,MYL11,I27F,0.61
Q96A32,MYL11,Q28N,0.674
Q96A32,MYL11,Q28Y,0.617
Q96A32,MYL11,Q28W,0.529
Q96A32,MYL11,Q28V,0.612
Q96A32,MYL11,Q28T,0.65
Q96A32,MYL11,Q28S,0.661
Q96A32,MYL11,Q28R,0.734
Q96A32,MYL11,Q28P,0.659
Q96A32,MYL11,Q28M,0.696
Q96A32,MYL11,Q28L,0.643
Q96A32,MYL11,Q28K,0.726
Q96A32,MYL11,Q28C,0.558
Q96A32,MYL11,Q28D,0.651
Q96A32,MYL11,Q28E,0.761
Q96A32,MYL11,Q28A,0.642
Q96A32,MYL11,Q28G,0.588
Q96A32,MYL11,Q28H,0.708
Q96A32,MYL11,Q28I,0.572
Q96A32,MYL11,Q28F,0.556
Q96A32,MYL11,E29N,0.656
Q96A32,MYL11,E29W,0.49
Q96A32,MYL11,E29V,0.629
Q96A32,MYL11,E29T,0.626
Q96A32,MYL11,E29S,0.639
Q96A32,MYL11,E29R,0.637
Q96A32,MYL11,E29Q,0.764
Q96A32,MYL11,E29P,0.604
Q96A32,MYL11,E29M,0.593
Q96A32,MYL11,E29Y,0.554
Q96A32,MYL11,E29K,0.72
Q96A32,MYL11,E29A,0.66
Q96A32,MYL11,E29C,0.494
Q96A32,MYL11,E29D,0.778
Q96A32,MYL11,E29L,0.558
Q96A32,MYL11,E29G,0.625
Q96A32,MYL11,E29H,0.646
Q96A32,MYL11,E29I,0.571
Q96A32,MYL11,E29F,0.515
Q96A32,MYL11,F30N,0.344
Q96A32,MYL11,F30W,0.565
Q96A32,MYL11,F30V,0.546
Q96A32,MYL11,F30T,0.411
Q96A32,MYL11,F30S,0.445
Q96A32,MYL11,F30R,0.326
Q96A32,MYL11,F30Q,0.33
Q96A32,MYL11,F30P,0.274
Q96A32,MYL11,F30M,0.566
Q96A32,MYL11,F30Y,0.659
Q96A32,MYL11,F30K,0.3
Q96A32,MYL11,F30A,0.419
Q96A32,MYL11,F30C,0.522
Q96A32,MYL11,F30D,0.304
Q96A32,MYL11,F30L,0.62
Q96A32,MYL11,F30G,0.324
Q96A32,MYL11,F30H,0.466
Q96A32,MYL11,F30I,0.582
Q96A32,MYL11,F30E,0.244
Q96A32,MYL11,K31N,0.61
Q96A32,MYL11,K31W,0.593
Q96A32,MYL11,K31V,0.586
Q96A32,MYL11,K31T,0.592
Q96A32,MYL11,K31S,0.534
Q96A32,MYL11,K31R,0.74
Q96A32,MYL11,K31Q,0.678
Q96A32,MYL11,K31P,0.419
Q96A32,MYL11,K31Y,0.54
Q96A32,MYL11,K31M,0.634
Q96A32,MYL11,K31I,0.562
Q96A32,MYL11,K31H,0.575
Q96A32,MYL11,K31G,0.43
Q96A32,MYL11,K31F,0.5
Q96A32,MYL11,K31E,0.604
Q96A32,MYL11,K31D,0.464
Q96A32,MYL11,K31C,0.584
Q96A32,MYL11,K31A,0.555
Q96A32,MYL11,K31L,0.594
Q96A32,MYL11,E32P,0.654
Q96A32,MYL11,E32Q,0.808
Q96A32,MYL11,E32R,0.683
Q96A32,MYL11,E32N,0.702
Q96A32,MYL11,E32T,0.671
Q96A32,MYL11,E32V,0.673
Q96A32,MYL11,E32W,0.55
Q96A32,MYL11,E32S,0.687
Q96A32,MYL11,E32M,0.639
Q96A32,MYL11,E32Y,0.6
Q96A32,MYL11,E32K,0.766
Q96A32,MYL11,E32A,0.704
Q96A32,MYL11,E32C,0.54
Q96A32,MYL11,E32D,0.822
Q96A32,MYL11,E32L,0.602
Q96A32,MYL11,E32G,0.67
Q96A32,MYL11,E32H,0.691
Q96A32,MYL11,E32I,0.616
Q96A32,MYL11,E32F,0.568
Q96A32,MYL11,A33P,0.554
Q96A32,MYL11,A33Y,0.56
Q96A32,MYL11,A33W,0.478
Q96A32,MYL11,A33V,0.744
Q96A32,MYL11,A33T,0.69
Q96A32,MYL11,A33S,0.709
Q96A32,MYL11,A33R,0.518
Q96A32,MYL11,A33Q,0.536
Q96A32,MYL11,A33N,0.516
Q96A32,MYL11,A33M,0.682
Q96A32,MYL11,A33L,0.68
Q96A32,MYL11,A33D,0.487
Q96A32,MYL11,A33E,0.532
Q96A32,MYL11,A33F,0.614
Q96A32,MYL11,A33C,0.723
Q96A32,MYL11,A33H,0.524
Q96A32,MYL11,A33I,0.682
Q96A32,MYL11,A33K,0.502
Q96A32,MYL11,A33G,0.69
Q96A32,MYL11,F34N,0.266
Q96A32,MYL11,F34W,0.508
Q96A32,MYL11,F34V,0.494
Q96A32,MYL11,F34T,0.344
Q96A32,MYL11,F34S,0.366
Q96A32,MYL11,F34R,0.232
Q96A32,MYL11,F34Q,0.224
Q96A32,MYL11,F34P,0.163
Q96A32,MYL11,F34M,0.51
Q96A32,MYL11,F34Y,0.606
Q96A32,MYL11,F34K,0.212
Q96A32,MYL11,F34A,0.361
Q96A32,MYL11,F34C,0.45
Q96A32,MYL11,F34D,0.198
Q96A32,MYL11,F34L,0.56
Q96A32,MYL11,F34G,0.279
Q96A32,MYL11,F34H,0.416
Q96A32,MYL11,F34I,0.522
Q96A32,MYL11,F34E,0.152
Q96A32,MYL11,T35M,0.67
Q96A32,MYL11,T35W,0.484
Q96A32,MYL11,T35V,0.674
Q96A32,MYL11,T35S,0.714
Q96A32,MYL11,T35R,0.608
Q96A32,MYL11,T35Q,0.603
Q96A32,MYL11,T35P,0.636
Q96A32,MYL11,T35N,0.682
Q96A32,MYL11,T35L,0.601
Q96A32,MYL11,T35Y,0.546
Q96A32,MYL11,T35I,0.654
Q96A32,MYL11,T35A,0.691
Q96A32,MYL11,T35C,0.581
Q96A32,MYL11,T35D,0.583
Q96A32,MYL11,T35K,0.614
Q96A32,MYL11,T35F,0.55
Q96A32,MYL11,T35G,0.577
Q96A32,MYL11,T35H,0.578
Q96A32,MYL11,T35E,0.602
Q96A32,MYL11,V36M,0.816
Q96A32,MYL11,V36W,0.594
Q96A32,MYL11,V36T,0.786
Q96A32,MYL11,V36S,0.684
Q96A32,MYL11,V36R,0.63
Q96A32,MYL11,V36Q,0.668
Q96A32,MYL11,V36P,0.668
Q96A32,MYL11,V36N,0.65
Q96A32,MYL11,V36Y,0.671
Q96A32,MYL11,V36L,0.8
Q96A32,MYL11,V36I,0.883
Q96A32,MYL11,V36H,0.614
Q96A32,MYL11,V36G,0.682
Q96A32,MYL11,V36F,0.725
Q96A32,MYL11,V36E,0.713
Q96A32,MYL11,V36D,0.66
Q96A32,MYL11,V36C,0.678
Q96A32,MYL11,V36A,0.773
Q96A32,MYL11,V36K,0.667
Q96A32,MYL11,I37P,0.533
Q96A32,MYL11,I37Q,0.522
Q96A32,MYL11,I37R,0.538
Q96A32,MYL11,I37N,0.57
Q96A32,MYL11,I37T,0.674
Q96A32,MYL11,I37V,0.863
Q96A32,MYL11,I37W,0.54
Q96A32,MYL11,I37S,0.59
Q96A32,MYL11,I37M,0.776
Q96A32,MYL11,I37Y,0.642
Q96A32,MYL11,I37K,0.534
Q96A32,MYL11,I37A,0.642
Q96A32,MYL11,I37C,0.643
Q96A32,MYL11,I37D,0.503
Q96A32,MYL11,I37L,0.816
Q96A32,MYL11,I37F,0.722
Q96A32,MYL11,I37G,0.499
Q96A32,MYL11,I37H,0.53
Q96A32,MYL11,I37E,0.52
Q96A32,MYL11,D38W,0.378
Q96A32,MYL11,D38V,0.506
Q96A32,MYL11,D38T,0.504
Q96A32,MYL11,D38S,0.529
Q96A32,MYL11,D38R,0.37
Q96A32,MYL11,D38Q,0.53
Q96A32,MYL11,D38P,0.331
Q96A32,MYL11,D38N,0.634
Q96A32,MYL11,D38M,0.44
Q96A32,MYL11,D38Y,0.499
Q96A32,MYL11,D38K,0.43
Q96A32,MYL11,D38A,0.507
Q96A32,MYL11,D38C,0.521
Q96A32,MYL11,D38E,0.631
Q96A32,MYL11,D38L,0.451
Q96A32,MYL11,D38G,0.503
Q96A32,MYL11,D38H,0.556
Q96A32,MYL11,D38I,0.487
Q96A32,MYL11,D38F,0.498
Q96A32,MYL11,Q39M,0.75
Q96A32,MYL11,Q39W,0.599
Q96A32,MYL11,Q39V,0.666
Q96A32,MYL11,Q39T,0.7
Q96A32,MYL11,Q39S,0.711
Q96A32,MYL11,Q39R,0.794
Q96A32,MYL11,Q39P,0.706
Q96A32,MYL11,Q39N,0.726
Q96A32,MYL11,Q39Y,0.674
Q96A32,MYL11,Q39L,0.702
Q96A32,MYL11,Q39I,0.633
Q96A32,MYL11,Q39K,0.778
Q96A32,MYL11,Q39A,0.692
Q96A32,MYL11,Q39C,0.614
Q96A32,MYL11,Q39D,0.696
Q96A32,MYL11,Q39F,0.618
Q96A32,MYL11,Q39G,0.638
Q96A32,MYL11,Q39H,0.767
Q96A32,MYL11,Q39E,0.804
Q96A32,MYL11,N40Y,0.635
Q96A32,MYL11,N40W,0.501
Q96A32,MYL11,N40V,0.575
Q96A32,MYL11,N40T,0.722
Q96A32,MYL11,N40S,0.768
Q96A32,MYL11,N40R,0.681
Q96A32,MYL11,N40Q,0.679
Q96A32,MYL11,N40P,0.564
Q96A32,MYL11,N40M,0.615
Q96A32,MYL11,N40L,0.569
Q96A32,MYL11,N40I,0.605
Q96A32,MYL11,N40A,0.617
Q96A32,MYL11,N40C,0.586
Q96A32,MYL11,N40D,0.738
Q96A32,MYL11,N40K,0.704
Q96A32,MYL11,N40F,0.597
Q96A32,MYL11,N40G,0.692
Q96A32,MYL11,N40H,0.76
Q96A32,MYL11,N40E,0.641
Q96A32,MYL11,R41M,0.65
Q96A32,MYL11,R41W,0.604
Q96A32,MYL11,R41V,0.567
Q96A32,MYL11,R41T,0.649
Q96A32,MYL11,R41S,0.647
Q96A32,MYL11,R41Q,0.744
Q96A32,MYL11,R41P,0.598
Q96A32,MYL11,R41N,0.68
Q96A32,MYL11,R41L,0.619
Q96A32,MYL11,R41Y,0.596
Q96A32,MYL11,R41I,0.574
Q96A32,MYL11,R41A,0.603
Q96A32,MYL11,R41C,0.623
Q96A32,MYL11,R41D,0.55
Q96A32,MYL11,R41K,0.781
Q96A32,MYL11,R41F,0.519
Q96A32,MYL11,R41G,0.624
Q96A32,MYL11,R41H,0.717
Q96A32,MYL11,R41E,0.648
Q96A32,MYL11,D42N,0.802
Q96A32,MYL11,D42W,0.534
Q96A32,MYL11,D42V,0.646
Q96A32,MYL11,D42T,0.69
Q96A32,MYL11,D42S,0.731
Q96A32,MYL11,D42R,0.616
Q96A32,MYL11,D42Q,0.711
Q96A32,MYL11,D42P,0.65
Q96A32,MYL11,D42Y,0.663
Q96A32,MYL11,D42M,0.63
Q96A32,MYL11,D42K,0.675
Q96A32,MYL11,D42I,0.628
Q96A32,MYL11,D42H,0.7
Q96A32,MYL11,D42G,0.732
Q96A32,MYL11,D42F,0.643
Q96A32,MYL11,D42E,0.834
Q96A32,MYL11,D42C,0.606
Q96A32,MYL11,D42A,0.686
Q96A32,MYL11,D42L,0.593
Q96A32,MYL11,G43Q,0.542
Q96A32,MYL11,G43R,0.577
Q96A32,MYL11,G43S,0.666
Q96A32,MYL11,G43P,0.522
Q96A32,MYL11,G43V,0.556
Q96A32,MYL11,G43W,0.552
Q96A32,MYL11,G43Y,0.498
Q96A32,MYL11,G43T,0.553
Q96A32,MYL11,G43N,0.644
Q96A32,MYL11,G43F,0.53
Q96A32,MYL11,G43L,0.458
Q96A32,MYL11,G43A,0.651
Q96A32,MYL11,G43C,0.55
Q96A32,MYL11,G43D,0.609
Q96A32,MYL11,G43E,0.57
Q96A32,MYL11,G43M,0.468
Q96A32,MYL11,G43H,0.546
Q96A32,MYL11,G43I,0.478
Q96A32,MYL11,G43K,0.542
Q96A32,MYL11,I44Y,0.698
Q96A32,MYL11,I44W,0.594
Q96A32,MYL11,I44V,0.9
Q96A32,MYL11,I44T,0.735
Q96A32,MYL11,I44S,0.655
Q96A32,MYL11,I44R,0.612
Q96A32,MYL11,I44P,0.594
Q96A32,MYL11,I44N,0.641
Q96A32,MYL11,I44M,0.817
Q96A32,MYL11,I44Q,0.589
Q96A32,MYL11,I44K,0.608
Q96A32,MYL11,I44L,0.847
Q96A32,MYL11,I44C,0.688
Q96A32,MYL11,I44D,0.573
Q96A32,MYL11,I44E,0.588
Q96A32,MYL11,I44A,0.692
Q96A32,MYL11,I44G,0.559
Q96A32,MYL11,I44H,0.596
Q96A32,MYL11,I44F,0.76
Q96A32,MYL11,I45P,0.398
Q96A32,MYL11,I45Y,0.534
Q96A32,MYL11,I45W,0.438
Q96A32,MYL11,I45V,0.756
Q96A32,MYL11,I45T,0.542
Q96A32,MYL11,I45S,0.454
Q96A32,MYL11,I45R,0.412
Q96A32,MYL11,I45Q,0.387
Q96A32,MYL11,I45N,0.43
Q96A32,MYL11,I45D,0.356
Q96A32,MYL11,I45L,0.727
Q96A32,MYL11,I45M,0.675
Q96A32,MYL11,I45C,0.532
Q96A32,MYL11,I45E,0.374
Q96A32,MYL11,I45A,0.515
Q96A32,MYL11,I45G,0.362
Q96A32,MYL11,I45H,0.41
Q96A32,MYL11,I45K,0.395
Q96A32,MYL11,I45F,0.635
Q96A32,MYL11,D46P,0.619
Q96A32,MYL11,D46Y,0.628
Q96A32,MYL11,D46W,0.496
Q96A32,MYL11,D46V,0.61
Q96A32,MYL11,D46T,0.66
Q96A32,MYL11,D46S,0.702
Q96A32,MYL11,D46R,0.587
Q96A32,MYL11,D46Q,0.68
Q96A32,MYL11,D46N,0.774
Q96A32,MYL11,D46E,0.802
Q96A32,MYL11,D46L,0.556
Q96A32,MYL11,D46C,0.572
Q96A32,MYL11,D46F,0.604
Q96A32,MYL11,D46G,0.702
Q96A32,MYL11,D46A,0.652
Q96A32,MYL11,D46I,0.589
Q96A32,MYL11,D46K,0.65
Q96A32,MYL11,D46H,0.669
Q96A32,MYL11,D46M,0.594
Q96A32,MYL11,K47Y,0.603
Q96A32,MYL11,K47N,0.652
Q96A32,MYL11,K47W,0.641
Q96A32,MYL11,K47V,0.646
Q96A32,MYL11,K47T,0.639
Q96A32,MYL11,K47S,0.576
Q96A32,MYL11,K47R,0.784
Q96A32,MYL11,K47Q,0.722
Q96A32,MYL11,K47P,0.428
Q96A32,MYL11,K47M,0.692
Q96A32,MYL11,K47I,0.622
Q96A32,MYL11,K47H,0.626
Q96A32,MYL11,K47G,0.474
Q96A32,MYL11,K47F,0.565
Q96A32,MYL11,K47E,0.647
Q96A32,MYL11,K47D,0.506
Q96A32,MYL11,K47C,0.64
Q96A32,MYL11,K47A,0.601
Q96A32,MYL11,K47L,0.665
Q96A32,MYL11,E48P,0.833
Q96A32,MYL11,E48R,0.874
Q96A32,MYL11,E48S,0.871
Q96A32,MYL11,E48N,0.885
Q96A32,MYL11,E48V,0.866
Q96A32,MYL11,E48W,0.747
Q96A32,MYL11,E48Y,0.798
Q96A32,MYL11,E48T,0.856
Q96A32,MYL11,E48M,0.832
Q96A32,MYL11,E48Q,0.991
Q96A32,MYL11,E48K,0.947
Q96A32,MYL11,E48C,0.742
Q96A32,MYL11,E48D,1.006
Q96A32,MYL11,E48F,0.77
Q96A32,MYL11,E48A,0.887
Q96A32,MYL11,E48H,0.884
Q96A32,MYL11,E48L,0.808
Q96A32,MYL11,E48I,0.828
Q96A32,MYL11,E48G,0.852
Q96A32,MYL11,D49P,0.318
Q96A32,MYL11,D49Y,0.479
Q96A32,MYL11,D49W,0.353
Q96A32,MYL11,D49V,0.478
Q96A32,MYL11,D49T,0.484
Q96A32,MYL11,D49S,0.52
Q96A32,MYL11,D49R,0.362
Q96A32,MYL11,D49Q,0.509
Q96A32,MYL11,D49N,0.624
Q96A32,MYL11,D49M,0.416
Q96A32,MYL11,D49L,0.422
Q96A32,MYL11,D49C,0.494
Q96A32,MYL11,D49E,0.629
Q96A32,MYL11,D49F,0.469
Q96A32,MYL11,D49A,0.487
Q96A32,MYL11,D49H,0.53
Q96A32,MYL11,D49I,0.46
Q96A32,MYL11,D49K,0.416
Q96A32,MYL11,D49G,0.486
Q96A32,MYL11,L50N,0.308
Q96A32,MYL11,L50W,0.448
Q96A32,MYL11,L50V,0.651
Q96A32,MYL11,L50T,0.444
Q96A32,MYL11,L50S,0.374
Q96A32,MYL11,L50R,0.351
Q96A32,MYL11,L50Q,0.368
Q96A32,MYL11,L50P,0.308
Q96A32,MYL11,L50M,0.696
Q96A32,MYL11,L50Y,0.455
Q96A32,MYL11,L50I,0.695
Q96A32,MYL11,L50A,0.466
Q96A32,MYL11,L50C,0.528
Q96A32,MYL11,L50D,0.198
Q96A32,MYL11,L50K,0.336
Q96A32,MYL11,L50F,0.63
Q96A32,MYL11,L50G,0.274
Q96A32,MYL11,L50H,0.334
Q96A32,MYL11,L50E,0.252
Q96A32,MYL11,R51M,0.697
Q96A32,MYL11,R51W,0.63
Q96A32,MYL11,R51V,0.616
Q96A32,MYL11,R51T,0.675
Q96A32,MYL11,R51S,0.667
Q96A32,MYL11,R51Q,0.761
Q96A32,MYL11,R51P,0.618
Q96A32,MYL11,R51N,0.696
Q96A32,MYL11,R51L,0.681
Q96A32,MYL11,R51Y,0.634
Q96A32,MYL11,R51I,0.625
Q96A32,MYL11,R51A,0.632
Q96A32,MYL11,R51C,0.655
Q96A32,MYL11,R51D,0.564
Q96A32,MYL11,R51K,0.792
Q96A32,MYL11,R51F,0.576
Q96A32,MYL11,R51G,0.649
Q96A32,MYL11,R51H,0.739
Q96A32,MYL11,R51E,0.662
Q96A32,MYL11,D52N,0.732
Q96A32,MYL11,D52W,0.462
Q96A32,MYL11,D52V,0.576
Q96A32,MYL11,D52T,0.618
Q96A32,MYL11,D52S,0.66
Q96A32,MYL11,D52R,0.545
Q96A32,MYL11,D52Q,0.639
Q96A32,MYL11,D52P,0.574
Q96A32,MYL11,D52Y,0.591
Q96A32,MYL11,D52M,0.561
Q96A32,MYL11,D52K,0.605
Q96A32,MYL11,D52I,0.558
Q96A32,MYL11,D52H,0.627
Q96A32,MYL11,D52G,0.661
Q96A32,MYL11,D52F,0.572
Q96A32,MYL11,D52E,0.762
Q96A32,MYL11,D52C,0.536
Q96A32,MYL11,D52A,0.613
Q96A32,MYL11,D52L,0.523
Q96A32,MYL11,T53N,0.582
Q96A32,MYL11,T53P,0.508
Q96A32,MYL11,T53Q,0.517
Q96A32,MYL11,T53M,0.684
Q96A32,MYL11,T53S,0.662
Q96A32,MYL11,T53V,0.7
Q96A32,MYL11,T53W,0.436
Q96A32,MYL11,T53R,0.507
Q96A32,MYL11,T53L,0.66
Q96A32,MYL11,T53Y,0.546
Q96A32,MYL11,T53I,0.686
Q96A32,MYL11,T53A,0.688
Q96A32,MYL11,T53C,0.66
Q96A32,MYL11,T53D,0.467
Q96A32,MYL11,T53K,0.522
Q96A32,MYL11,T53F,0.586
Q96A32,MYL11,T53G,0.501
Q96A32,MYL11,T53H,0.469
Q96A32,MYL11,T53E,0.458
Q96A32,MYL11,F54P,0.33
Q96A32,MYL11,F54Y,0.776
Q96A32,MYL11,F54W,0.684
Q96A32,MYL11,F54V,0.659
Q96A32,MYL11,F54T,0.501
Q96A32,MYL11,F54S,0.528
Q96A32,MYL11,F54R,0.405
Q96A32,MYL11,F54Q,0.395
Q96A32,MYL11,F54N,0.434
Q96A32,MYL11,F54D,0.357
Q96A32,MYL11,F54L,0.736
Q96A32,MYL11,F54C,0.629
Q96A32,MYL11,F54M,0.675
Q96A32,MYL11,F54E,0.312
Q96A32,MYL11,F54A,0.515
Q96A32,MYL11,F54H,0.577
Q96A32,MYL11,F54I,0.698
Q96A32,MYL11,F54K,0.37
Q96A32,MYL11,F54G,0.422
Q96A32,MYL11,A55P,0.582
Q96A32,MYL11,A55Y,0.572
Q96A32,MYL11,A55W,0.469
Q96A32,MYL11,A55V,0.752
Q96A32,MYL11,A55T,0.72
Q96A32,MYL11,A55S,0.742
Q96A32,MYL11,A55R,0.56
Q96A32,MYL11,A55Q,0.568
Q96A32,MYL11,A55N,0.556
Q96A32,MYL11,A55M,0.686
Q96A32,MYL11,A55L,0.68
Q96A32,MYL11,A55D,0.534
Q96A32,MYL11,A55E,0.568
Q96A32,MYL11,A55F,0.608
Q96A32,MYL11,A55C,0.737
Q96A32,MYL11,A55H,0.548
Q96A32,MYL11,A55I,0.686
Q96A32,MYL11,A55K,0.544
Q96A32,MYL11,A55G,0.723
Q96A32,MYL11,A56P,0.829
Q96A32,MYL11,A56Y,0.737
Q96A32,MYL11,A56W,0.688
Q96A32,MYL11,A56V,0.876
Q96A32,MYL11,A56T,0.885
Q96A32,MYL11,A56S,0.898
Q96A32,MYL11,A56R,0.756
Q96A32,MYL11,A56Q,0.784
Q96A32,MYL11,A56N,0.766
Q96A32,MYL11,A56M,0.812
Q96A32,MYL11,A56L,0.782
Q96A32,MYL11,A56D,0.768
Q96A32,MYL11,A56E,0.81
Q96A32,MYL11,A56F,0.734
Q96A32,MYL11,A56C,0.82
Q96A32,MYL11,A56H,0.727
Q96A32,MYL11,A56I,0.794
Q96A32,MYL11,A56K,0.778
Q96A32,MYL11,A56G,0.849
Q96A32,MYL11,M57P,0.744
Q96A32,MYL11,M57Y,0.72
Q96A32,MYL11,M57W,0.759
Q96A32,MYL11,M57V,0.901
Q96A32,MYL11,M57T,0.841
Q96A32,MYL11,M57S,0.794
Q96A32,MYL11,M57R,0.798
Q96A32,MYL11,M57Q,0.822
Q96A32,MYL11,M57N,0.738
Q96A32,MYL11,M57L,0.918
Q96A32,MYL11,M57K,0.8
Q96A32,MYL11,M57C,0.757
Q96A32,MYL11,M57D,0.665
Q96A32,MYL11,M57E,0.734
Q96A32,MYL11,M57A,0.8
Q96A32,MYL11,M57G,0.647
Q96A32,MYL11,M57H,0.71
Q96A32,MYL11,M57I,0.879
Q96A32,MYL11,M57F,0.791
Q96A32,MYL11,G58N,0.751
Q96A32,MYL11,G58W,0.666
Q96A32,MYL11,G58V,0.671
Q96A32,MYL11,G58T,0.662
Q96A32,MYL11,G58S,0.773
Q96A32,MYL11,G58R,0.682
Q96A32,MYL11,G58Q,0.652
Q96A32,MYL11,G58P,0.631
Q96A32,MYL11,G58M,0.581
Q96A32,MYL11,G58Y,0.609
Q96A32,MYL11,G58K,0.646
Q96A32,MYL11,G58A,0.762
Q96A32,MYL11,G58C,0.662
Q96A32,MYL11,G58D,0.718
Q96A32,MYL11,G58L,0.573
Q96A32,MYL11,G58F,0.645
Q96A32,MYL11,G58H,0.652
Q96A32,MYL11,G58I,0.594
Q96A32,MYL11,G58E,0.68
Q96A32,MYL11,R59N,0.773
Q96A32,MYL11,R59Y,0.709
Q96A32,MYL11,R59W,0.722
Q96A32,MYL11,R59V,0.692
Q96A32,MYL11,R59T,0.752
Q96A32,MYL11,R59S,0.746
Q96A32,MYL11,R59Q,0.84
Q96A32,MYL11,R59P,0.698
Q96A32,MYL11,R59M,0.774
Q96A32,MYL11,R59L,0.753
Q96A32,MYL11,R59K,0.875
Q96A32,MYL11,R59C,0.74
Q96A32,MYL11,R59D,0.637
Q96A32,MYL11,R59E,0.736
Q96A32,MYL11,R59A,0.712
Q96A32,MYL11,R59G,0.726
Q96A32,MYL11,R59H,0.819
Q96A32,MYL11,R59I,0.7
Q96A32,MYL11,R59F,0.649
Q96A32,MYL11,L60P,0.804
Q96A32,MYL11,L60Y,0.818
Q96A32,MYL11,L60W,0.788
Q96A32,MYL11,L60V,0.921
Q96A32,MYL11,L60T,0.822
Q96A32,MYL11,L60S,0.802
Q96A32,MYL11,L60R,0.8
Q96A32,MYL11,L60Q,0.822
Q96A32,MYL11,L60N,0.732
Q96A32,MYL11,L60K,0.764
Q96A32,MYL11,L60A,0.812
Q96A32,MYL11,L60I,0.955
Q96A32,MYL11,L60H,0.79
Q96A32,MYL11,L60G,0.677
Q96A32,MYL11,L60F,0.895
Q96A32,MYL11,L60E,0.739
Q96A32,MYL11,L60D,0.694
Q96A32,MYL11,L60C,0.78
Q96A32,MYL11,L60M,0.972
Q96A32,MYL11,N61Q,0.83
Q96A32,MYL11,N61R,0.818
Q96A32,MYL11,N61S,0.91
Q96A32,MYL11,N61P,0.711
Q96A32,MYL11,N61V,0.702
Q96A32,MYL11,N61W,0.649
Q96A32,MYL11,N61T,0.859
Q96A32,MYL11,N61M,0.74
Q96A32,MYL11,N61Y,0.762
Q96A32,MYL11,N61L,0.682
Q96A32,MYL11,N61A,0.754
Q96A32,MYL11,N61C,0.718
Q96A32,MYL11,N61D,0.894
Q96A32,MYL11,N61E,0.802
Q96A32,MYL11,N61K,0.848
Q96A32,MYL11,N61G,0.828
Q96A32,MYL11,N61H,0.894
Q96A32,MYL11,N61I,0.728
Q96A32,MYL11,N61F,0.709
Q96A32,MYL11,V62M,0.796
Q96A32,MYL11,V62W,0.589
Q96A32,MYL11,V62T,0.738
Q96A32,MYL11,V62S,0.63
Q96A32,MYL11,V62R,0.594
Q96A32,MYL11,V62Q,0.617
Q96A32,MYL11,V62P,0.634
Q96A32,MYL11,V62N,0.595
Q96A32,MYL11,V62L,0.794
Q96A32,MYL11,V62Y,0.662
Q96A32,MYL11,V62I,0.87
Q96A32,MYL11,V62A,0.727
Q96A32,MYL11,V62C,0.648
Q96A32,MYL11,V62D,0.605
Q96A32,MYL11,V62K,0.617
Q96A32,MYL11,V62F,0.719
Q96A32,MYL11,V62G,0.629
Q96A32,MYL11,V62H,0.585
Q96A32,MYL11,V62E,0.658
Q96A32,MYL11,K63N,0.816
Q96A32,MYL11,K63W,0.67
Q96A32,MYL11,K63V,0.723
Q96A32,MYL11,K63T,0.777
Q96A32,MYL11,K63S,0.778
Q96A32,MYL11,K63R,0.899
Q96A32,MYL11,K63Q,0.844
Q96A32,MYL11,K63P,0.719
Q96A32,MYL11,K63Y,0.678
Q96A32,MYL11,K63M,0.796
Q96A32,MYL11,K63I,0.707
Q96A32,MYL11,K63H,0.756
Q96A32,MYL11,K63G,0.69
Q96A32,MYL11,K63F,0.661
Q96A32,MYL11,K63E,0.832
Q96A32,MYL11,K63D,0.717
Q96A32,MYL11,K63C,0.635
Q96A32,MYL11,K63A,0.742
Q96A32,MYL11,K63L,0.722
Q96A32,MYL11,N64P,0.626
Q96A32,MYL11,N64Q,0.74
Q96A32,MYL11,N64R,0.723
Q96A32,MYL11,N64Y,0.7
Q96A32,MYL11,N64T,0.78
Q96A32,MYL11,N64V,0.648
Q96A32,MYL11,N64W,0.576
Q96A32,MYL11,N64S,0.824
Q96A32,MYL11,N64M,0.686
Q96A32,MYL11,N64L,0.642
Q96A32,MYL11,N64I,0.676
Q96A32,MYL11,N64A,0.681
Q96A32,MYL11,N64C,0.651
Q96A32,MYL11,N64D,0.806
Q96A32,MYL11,N64K,0.744
Q96A32,MYL11,N64F,0.668
Q96A32,MYL11,N64G,0.751
Q96A32,MYL11,N64H,0.812
Q96A32,MYL11,N64E,0.714
Q96A32,MYL11,E65P,0.732
Q96A32,MYL11,E65Y,0.686
Q96A32,MYL11,E65W,0.635
Q96A32,MYL11,E65V,0.751
Q96A32,MYL11,E65T,0.75
Q96A32,MYL11,E65S,0.767
Q96A32,MYL11,E65R,0.764
Q96A32,MYL11,E65Q,0.893
Q96A32,MYL11,E65N,0.783
Q96A32,MYL11,E65M,0.718
Q96A32,MYL11,E65L,0.682
Q96A32,MYL11,E65C,0.615
Q96A32,MYL11,E65D,0.908
Q96A32,MYL11,E65F,0.651
Q96A32,MYL11,E65A,0.781
Q96A32,MYL11,E65H,0.774
Q96A32,MYL11,E65I,0.698
Q96A32,MYL11,E65K,0.844
Q96A32,MYL11,E65G,0.746
Q96A32,MYL11,E66N,0.726
Q96A32,MYL11,E66W,0.617
Q96A32,MYL11,E66V,0.734
Q96A32,MYL11,E66T,0.703
Q96A32,MYL11,E66S,0.713
Q96A32,MYL11,E66R,0.706
Q96A32,MYL11,E66Q,0.838
Q96A32,MYL11,E66P,0.682
Q96A32,MYL11,E66M,0.698
Q96A32,MYL11,E66Y,0.656
Q96A32,MYL11,E66K,0.776
Q96A32,MYL11,E66A,0.741
Q96A32,MYL11,E66C,0.59
Q96A32,MYL11,E66D,0.85
Q96A32,MYL11,E66L,0.68
Q96A32,MYL11,E66G,0.699
Q96A32,MYL11,E66H,0.728
Q96A32,MYL11,E66I,0.688
Q96A32,MYL11,E66F,0.65
Q96A32,MYL11,L67N,0.388
Q96A32,MYL11,L67W,0.532
Q96A32,MYL11,L67V,0.696
Q96A32,MYL11,L67T,0.5
Q96A32,MYL11,L67S,0.44
Q96A32,MYL11,L67R,0.424
Q96A32,MYL11,L67Q,0.448
Q96A32,MYL11,L67P,0.4
Q96A32,MYL11,L67M,0.74
Q96A32,MYL11,L67Y,0.525
Q96A32,MYL11,L67I,0.738
Q96A32,MYL11,L67A,0.516
Q96A32,MYL11,L67C,0.573
Q96A32,MYL11,L67D,0.286
Q96A32,MYL11,L67K,0.396
Q96A32,MYL11,L67F,0.676
Q96A32,MYL11,L67G,0.345
Q96A32,MYL11,L67H,0.403
Q96A32,MYL11,L67E,0.34
Q96A32,MYL11,D68N,0.804
Q96A32,MYL11,D68W,0.563
Q96A32,MYL11,D68V,0.665
Q96A32,MYL11,D68T,0.664
Q96A32,MYL11,D68S,0.69
Q96A32,MYL11,D68R,0.568
Q96A32,MYL11,D68Q,0.712
Q96A32,MYL11,D68P,0.497
Q96A32,MYL11,D68Y,0.663
Q96A32,MYL11,D68M,0.59
Q96A32,MYL11,D68K,0.608
Q96A32,MYL11,D68I,0.651
Q96A32,MYL11,D68H,0.738
Q96A32,MYL11,D68G,0.662
Q96A32,MYL11,D68F,0.649
Q96A32,MYL11,D68E,0.821
Q96A32,MYL11,D68C,0.682
Q96A32,MYL11,D68A,0.669
Q96A32,MYL11,D68L,0.588
Q96A32,MYL11,A69Q,0.774
Q96A32,MYL11,A69R,0.74
Q96A32,MYL11,A69S,0.891
Q96A32,MYL11,A69P,0.823
Q96A32,MYL11,A69V,0.87
Q96A32,MYL11,A69W,0.665
Q96A32,MYL11,A69Y,0.725
Q96A32,MYL11,A69T,0.878
Q96A32,MYL11,A69N,0.758
Q96A32,MYL11,A69M,0.802
Q96A32,MYL11,A69L,0.774
Q96A32,MYL11,A69D,0.762
Q96A32,MYL11,A69E,0.805
Q96A32,MYL11,A69F,0.722
Q96A32,MYL11,A69C,0.812
Q96A32,MYL11,A69H,0.714
Q96A32,MYL11,A69I,0.78
Q96A32,MYL11,A69K,0.766
Q96A32,MYL11,A69G,0.846
Q96A32,MYL11,M70P,0.586
Q96A32,MYL11,M70Y,0.577
Q96A32,MYL11,M70W,0.62
Q96A32,MYL11,M70V,0.769
Q96A32,MYL11,M70T,0.687
Q96A32,MYL11,M70S,0.636
Q96A32,MYL11,M70R,0.639
Q96A32,MYL11,M70Q,0.661
Q96A32,MYL11,M70N,0.575
Q96A32,MYL11,M70L,0.796
Q96A32,MYL11,M70K,0.638
Q96A32,MYL11,M70C,0.618
Q96A32,MYL11,M70D,0.492
Q96A32,MYL11,M70E,0.566
Q96A32,MYL11,M70A,0.651
Q96A32,MYL11,M70G,0.491
Q96A32,MYL11,M70H,0.554
Q96A32,MYL11,M70I,0.75
Q96A32,MYL11,M70F,0.665
Q96A32,MYL11,M71N,0.739
Q96A32,MYL11,M71W,0.781
Q96A32,MYL11,M71V,0.933
Q96A32,MYL11,M71T,0.851
Q96A32,MYL11,M71S,0.798
Q96A32,MYL11,M71R,0.793
Q96A32,MYL11,M71Q,0.824
Q96A32,MYL11,M71P,0.745
Q96A32,MYL11,M71L,0.958
Q96A32,MYL11,M71Y,0.739
Q96A32,MYL11,M71I,0.912
Q96A32,MYL11,M71A,0.816
Q96A32,MYL11,M71C,0.782
Q96A32,MYL11,M71D,0.662
Q96A32,MYL11,M71K,0.793
Q96A32,MYL11,M71F,0.826
Q96A32,MYL11,M71G,0.658
Q96A32,MYL11,M71H,0.713
Q96A32,MYL11,M71E,0.736
Q96A32,MYL11,K72N,0.819
Q96A32,MYL11,K72W,0.664
Q96A32,MYL11,K72V,0.729
Q96A32,MYL11,K72T,0.78
Q96A32,MYL11,K72S,0.782
Q96A32,MYL11,K72R,0.895
Q96A32,MYL11,K72Q,0.846
Q96A32,MYL11,K72P,0.724
Q96A32,MYL11,K72M,0.798
Q96A32,MYL11,K72Y,0.681
Q96A32,MYL11,K72I,0.712
Q96A32,MYL11,K72A,0.749
Q96A32,MYL11,K72C,0.638
Q96A32,MYL11,K72D,0.721
Q96A32,MYL11,K72L,0.727
Q96A32,MYL11,K72F,0.662
Q96A32,MYL11,K72G,0.698
Q96A32,MYL11,K72H,0.757
Q96A32,MYL11,K72E,0.835
Q96A32,MYL11,E73N,0.796
Q96A32,MYL11,E73W,0.681
Q96A32,MYL11,E73V,0.778
Q96A32,MYL11,E73T,0.766
Q96A32,MYL11,E73S,0.78
Q96A32,MYL11,E73R,0.779
Q96A32,MYL11,E73Q,0.908
Q96A32,MYL11,E73P,0.748
Q96A32,MYL11,E73Y,0.722
Q96A32,MYL11,E73M,0.748
Q96A32,MYL11,E73K,0.855
Q96A32,MYL11,E73I,0.74
Q96A32,MYL11,E73H,0.794
Q96A32,MYL11,E73G,0.76
Q96A32,MYL11,E73F,0.699
Q96A32,MYL11,E73D,0.919
Q96A32,MYL11,E73C,0.655
Q96A32,MYL11,E73A,0.8
Q96A32,MYL11,E73L,0.724
Q96A32,MYL11,A74P,0.739
Q96A32,MYL11,A74Q,0.686
Q96A32,MYL11,A74R,0.646
Q96A32,MYL11,A74N,0.662
Q96A32,MYL11,A74T,0.796
Q96A32,MYL11,A74V,0.833
Q96A32,MYL11,A74W,0.638
Q96A32,MYL11,A74S,0.798
Q96A32,MYL11,A74M,0.78
Q96A32,MYL11,A74Y,0.696
Q96A32,MYL11,A74K,0.663
Q96A32,MYL11,A74C,0.773
Q96A32,MYL11,A74D,0.656
Q96A32,MYL11,A74E,0.701
Q96A32,MYL11,A74L,0.782
Q96A32,MYL11,A74G,0.761
Q96A32,MYL11,A74H,0.652
Q96A32,MYL11,A74I,0.784
Q96A32,MYL11,A74F,0.734
Q96A32,MYL11,S75N,1.026
Q96A32,MYL11,S75Y,0.914
Q96A32,MYL11,S75W,0.845
Q96A32,MYL11,S75V,0.904
Q96A32,MYL11,S75T,1.013
Q96A32,MYL11,S75R,0.928
Q96A32,MYL11,S75Q,0.924
Q96A32,MYL11,S75P,0.947
Q96A32,MYL11,S75M,0.931
Q96A32,MYL11,S75L,0.921
Q96A32,MYL11,S75K,0.924
Q96A32,MYL11,S75C,0.955
Q96A32,MYL11,S75D,0.919
Q96A32,MYL11,S75E,0.89
Q96A32,MYL11,S75A,1.01
Q96A32,MYL11,S75G,0.974
Q96A32,MYL11,S75H,0.914
Q96A32,MYL11,S75I,0.914
Q96A32,MYL11,S75F,0.937
Q96A32,MYL11,G76N,0.796
Q96A32,MYL11,G76W,0.741
Q96A32,MYL11,G76V,0.742
Q96A32,MYL11,G76T,0.722
Q96A32,MYL11,G76S,0.817
Q96A32,MYL11,G76R,0.746
Q96A32,MYL11,G76Q,0.714
Q96A32,MYL11,G76P,0.689
Q96A32,MYL11,G76M,0.671
Q96A32,MYL11,G76Y,0.684
Q96A32,MYL11,G76K,0.704
Q96A32,MYL11,G76A,0.814
Q96A32,MYL11,G76C,0.738
Q96A32,MYL11,G76D,0.766
Q96A32,MYL11,G76L,0.664
Q96A32,MYL11,G76F,0.723
Q96A32,MYL11,G76H,0.716
Q96A32,MYL11,G76I,0.686
Q96A32,MYL11,G76E,0.738
Q96A32,MYL11,P77M,0.675
Q96A32,MYL11,P77W,0.539
Q96A32,MYL11,P77V,0.675
Q96A32,MYL11,P77T,0.731
Q96A32,MYL11,P77S,0.737
Q96A32,MYL11,P77R,0.668
Q96A32,MYL11,P77Q,0.737
Q96A32,MYL11,P77N,0.646
Q96A32,MYL11,P77L,0.694
Q96A32,MYL11,P77Y,0.618
Q96A32,MYL11,P77I,0.639
Q96A32,MYL11,P77A,0.746
Q96A32,MYL11,P77C,0.584
Q96A32,MYL11,P77D,0.652
Q96A32,MYL11,P77K,0.673
Q96A32,MYL11,P77F,0.583
Q96A32,MYL11,P77G,0.634
Q96A32,MYL11,P77H,0.681
Q96A32,MYL11,P77E,0.682
Q96A32,MYL11,I78N,0.515
Q96A32,MYL11,I78W,0.508
Q96A32,MYL11,I78V,0.825
Q96A32,MYL11,I78T,0.624
Q96A32,MYL11,I78S,0.535
Q96A32,MYL11,I78R,0.486
Q96A32,MYL11,I78Q,0.471
Q96A32,MYL11,I78P,0.484
Q96A32,MYL11,I78Y,0.603
Q96A32,MYL11,I78M,0.74
Q96A32,MYL11,I78K,0.476
Q96A32,MYL11,I78H,0.484
Q96A32,MYL11,I78G,0.448
Q96A32,MYL11,I78F,0.696
Q96A32,MYL11,I78E,0.466
Q96A32,MYL11,I78D,0.444
Q96A32,MYL11,I78C,0.604
Q96A32,MYL11,I78A,0.595
Q96A32,MYL11,I78L,0.786
Q96A32,MYL11,N79P,0.468
Q96A32,MYL11,N79Q,0.574
Q96A32,MYL11,N79R,0.582
Q96A32,MYL11,N79M,0.608
Q96A32,MYL11,N79T,0.635
Q96A32,MYL11,N79V,0.559
Q96A32,MYL11,N79W,0.446
Q96A32,MYL11,N79S,0.687
Q96A32,MYL11,N79L,0.548
Q96A32,MYL11,N79Y,0.579
Q96A32,MYL11,N79I,0.587
Q96A32,MYL11,N79A,0.548
Q96A32,MYL11,N79C,0.593
Q96A32,MYL11,N79D,0.637
Q96A32,MYL11,N79K,0.606
Q96A32,MYL11,N79F,0.512
Q96A32,MYL11,N79G,0.575
Q96A32,MYL11,N79H,0.69
Q96A32,MYL11,N79E,0.55
Q96A32,MYL11,F80W,0.534
Q96A32,MYL11,F80V,0.509
Q96A32,MYL11,F80T,0.377
Q96A32,MYL11,F80S,0.414
Q96A32,MYL11,F80R,0.295
Q96A32,MYL11,F80Q,0.302
Q96A32,MYL11,F80P,0.241
Q96A32,MYL11,F80N,0.316
Q96A32,MYL11,F80M,0.528
Q96A32,MYL11,F80Y,0.634
Q96A32,MYL11,F80K,0.274
Q96A32,MYL11,F80A,0.382
Q96A32,MYL11,F80C,0.484
Q96A32,MYL11,F80D,0.281
Q96A32,MYL11,F80L,0.574
Q96A32,MYL11,F80G,0.296
Q96A32,MYL11,F80H,0.447
Q96A32,MYL11,F80I,0.54
Q96A32,MYL11,F80E,0.222
Q96A32,MYL11,T81M,0.633
Q96A32,MYL11,T81W,0.414
Q96A32,MYL11,T81V,0.638
Q96A32,MYL11,T81S,0.645
Q96A32,MYL11,T81R,0.542
Q96A32,MYL11,T81Q,0.533
Q96A32,MYL11,T81P,0.57
Q96A32,MYL11,T81N,0.607
Q96A32,MYL11,T81Y,0.494
Q96A32,MYL11,T81L,0.576
Q96A32,MYL11,T81I,0.622
Q96A32,MYL11,T81K,0.543
Q96A32,MYL11,T81A,0.637
Q96A32,MYL11,T81C,0.54
Q96A32,MYL11,T81D,0.488
Q96A32,MYL11,T81F,0.52
Q96A32,MYL11,T81G,0.512
Q96A32,MYL11,T81H,0.516
Q96A32,MYL11,T81E,0.513
Q96A32,MYL11,V82Y,0.429
Q96A32,MYL11,V82W,0.348
Q96A32,MYL11,V82T,0.494
Q96A32,MYL11,V82S,0.364
Q96A32,MYL11,V82R,0.262
Q96A32,MYL11,V82Q,0.352
Q96A32,MYL11,V82P,0.318
Q96A32,MYL11,V82N,0.3
Q96A32,MYL11,V82M,0.634
Q96A32,MYL11,V82L,0.645
Q96A32,MYL11,V82I,0.72
Q96A32,MYL11,V82A,0.543
Q96A32,MYL11,V82C,0.522
Q96A32,MYL11,V82D,0.28
Q96A32,MYL11,V82K,0.299
Q96A32,MYL11,V82F,0.534
Q96A32,MYL11,V82G,0.36
Q96A32,MYL11,V82H,0.3
Q96A32,MYL11,V82E,0.336
Q96A32,MYL11,F83N,0.3
Q96A32,MYL11,F83W,0.548
Q96A32,MYL11,F83V,0.528
Q96A32,MYL11,F83T,0.366
Q96A32,MYL11,F83S,0.397
Q96A32,MYL11,F83R,0.27
Q96A32,MYL11,F83Q,0.276
Q96A32,MYL11,F83P,0.22
Q96A32,MYL11,F83M,0.55
Q96A32,MYL11,F83Y,0.64
Q96A32,MYL11,F83K,0.245
Q96A32,MYL11,F83A,0.384
Q96A32,MYL11,F83C,0.499
Q96A32,MYL11,F83D,0.249
Q96A32,MYL11,F83L,0.604
Q96A32,MYL11,F83G,0.288
Q96A32,MYL11,F83H,0.445
Q96A32,MYL11,F83I,0.565
Q96A32,MYL11,F83E,0.19
Q96A32,MYL11,L84N,0.242
Q96A32,MYL11,L84W,0.38
Q96A32,MYL11,L84V,0.568
Q96A32,MYL11,L84T,0.36
Q96A32,MYL11,L84S,0.306
Q96A32,MYL11,L84R,0.286
Q96A32,MYL11,L84Q,0.314
Q96A32,MYL11,L84P,0.262
Q96A32,MYL11,L84Y,0.384
Q96A32,MYL11,L84M,0.615
Q96A32,MYL11,L84I,0.608
Q96A32,MYL11,L84H,0.274
Q96A32,MYL11,L84G,0.204
Q96A32,MYL11,L84F,0.546
Q96A32,MYL11,L84E,0.184
Q96A32,MYL11,L84D,0.12
Q96A32,MYL11,L84C,0.444
Q96A32,MYL11,L84A,0.383
Q96A32,MYL11,L84K,0.258
Q96A32,MYL11,T85P,0.516
Q96A32,MYL11,T85Q,0.526
Q96A32,MYL11,T85R,0.534
Q96A32,MYL11,T85N,0.595
Q96A32,MYL11,T85V,0.694
Q96A32,MYL11,T85W,0.435
Q96A32,MYL11,T85Y,0.54
Q96A32,MYL11,T85S,0.674
Q96A32,MYL11,T85M,0.676
Q96A32,MYL11,T85L,0.63
Q96A32,MYL11,T85K,0.542
Q96A32,MYL11,T85C,0.656
Q96A32,MYL11,T85D,0.479
Q96A32,MYL11,T85E,0.475
Q96A32,MYL11,T85A,0.69
Q96A32,MYL11,T85G,0.51
Q96A32,MYL11,T85H,0.498
Q96A32,MYL11,T85I,0.676
Q96A32,MYL11,T85F,0.56
Q96A32,MYL11,M86P,0.512
Q96A32,MYL11,M86Y,0.52
Q96A32,MYL11,M86W,0.549
Q96A32,MYL11,M86V,0.71
Q96A32,MYL11,M86T,0.631
Q96A32,MYL11,M86S,0.574
Q96A32,MYL11,M86R,0.576
Q96A32,MYL11,M86Q,0.6
Q96A32,MYL11,M86N,0.517
Q96A32,MYL11,M86L,0.737
Q96A32,MYL11,M86K,0.58
Q96A32,MYL11,M86C,0.56
Q96A32,MYL11,M86D,0.417
Q96A32,MYL11,M86E,0.507
Q96A32,MYL11,M86A,0.594
Q96A32,MYL11,M86G,0.436
Q96A32,MYL11,M86H,0.494
Q96A32,MYL11,M86I,0.69
Q96A32,MYL11,M86F,0.597
Q96A32,MYL11,F87N,0.418
Q96A32,MYL11,F87W,0.62
Q96A32,MYL11,F87V,0.609
Q96A32,MYL11,F87T,0.474
Q96A32,MYL11,F87S,0.508
Q96A32,MYL11,F87R,0.4
Q96A32,MYL11,F87Q,0.393
Q96A32,MYL11,F87P,0.326
Q96A32,MYL11,F87M,0.63
Q96A32,MYL11,F87Y,0.738
Q96A32,MYL11,F87K,0.363
Q96A32,MYL11,F87A,0.482
Q96A32,MYL11,F87C,0.585
Q96A32,MYL11,F87D,0.361
Q96A32,MYL11,F87L,0.675
Q96A32,MYL11,F87G,0.395
Q96A32,MYL11,F87H,0.55
Q96A32,MYL11,F87I,0.644
Q96A32,MYL11,F87E,0.322
Q96A32,MYL11,G88N,0.591
Q96A32,MYL11,G88W,0.538
Q96A32,MYL11,G88V,0.621
Q96A32,MYL11,G88T,0.562
Q96A32,MYL11,G88S,0.656
Q96A32,MYL11,G88R,0.546
Q96A32,MYL11,G88Q,0.516
Q96A32,MYL11,G88P,0.49
Q96A32,MYL11,G88M,0.567
Q96A32,MYL11,G88Y,0.42
Q96A32,MYL11,G88K,0.498
Q96A32,MYL11,G88A,0.714
Q96A32,MYL11,G88C,0.651
Q96A32,MYL11,G88D,0.547
Q96A32,MYL11,G88L,0.513
Q96A32,MYL11,G88F,0.51
Q96A32,MYL11,G88H,0.491
Q96A32,MYL11,G88I,0.52
Q96A32,MYL11,G88E,0.54
Q96A32,MYL11,E89N,0.746
Q96A32,MYL11,E89W,0.619
Q96A32,MYL11,E89V,0.762
Q96A32,MYL11,E89T,0.724
Q96A32,MYL11,E89S,0.72
Q96A32,MYL11,E89R,0.736
Q96A32,MYL11,E89Q,0.866
Q96A32,MYL11,E89P,0.689
Q96A32,MYL11,E89Y,0.68
Q96A32,MYL11,E89M,0.726
Q96A32,MYL11,E89K,0.82
Q96A32,MYL11,E89I,0.708
Q96A32,MYL11,E89H,0.74
Q96A32,MYL11,E89G,0.754
Q96A32,MYL11,E89F,0.636
Q96A32,MYL11,E89D,0.876
Q96A32,MYL11,E89C,0.624
Q96A32,MYL11,E89A,0.782
Q96A32,MYL11,E89L,0.682
Q96A32,MYL11,K90Q,0.791
Q96A32,MYL11,K90R,0.84
Q96A32,MYL11,K90S,0.7
Q96A32,MYL11,K90P,0.644
Q96A32,MYL11,K90V,0.691
Q96A32,MYL11,K90W,0.633
Q96A32,MYL11,K90Y,0.63
Q96A32,MYL11,K90T,0.738
Q96A32,MYL11,K90N,0.768
Q96A32,MYL11,K90M,0.769
Q96A32,MYL11,K90L,0.686
Q96A32,MYL11,K90C,0.604
Q96A32,MYL11,K90D,0.644
Q96A32,MYL11,K90E,0.762
Q96A32,MYL11,K90A,0.684
Q96A32,MYL11,K90G,0.629
Q96A32,MYL11,K90H,0.708
Q96A32,MYL11,K90I,0.68
Q96A32,MYL11,K90F,0.618
Q96A32,MYL11,L91P,0.587
Q96A32,MYL11,L91Y,0.592
Q96A32,MYL11,L91W,0.6
Q96A32,MYL11,L91V,0.72
Q96A32,MYL11,L91T,0.586
Q96A32,MYL11,L91S,0.571
Q96A32,MYL11,L91R,0.569
Q96A32,MYL11,L91Q,0.601
Q96A32,MYL11,L91N,0.504
Q96A32,MYL11,L91M,0.769
Q96A32,MYL11,L91K,0.518
Q96A32,MYL11,L91C,0.589
Q96A32,MYL11,L91D,0.452
Q96A32,MYL11,L91E,0.49
Q96A32,MYL11,L91A,0.582
Q96A32,MYL11,L91G,0.453
Q96A32,MYL11,L91H,0.58
Q96A32,MYL11,L91I,0.746
Q96A32,MYL11,L91F,0.71
Q96A32,MYL11,K92N,0.737
Q96A32,MYL11,K92W,0.601
Q96A32,MYL11,K92V,0.634
Q96A32,MYL11,K92T,0.697
Q96A32,MYL11,K92S,0.676
Q96A32,MYL11,K92R,0.81
Q96A32,MYL11,K92Q,0.764
Q96A32,MYL11,K92P,0.617
Q96A32,MYL11,K92M,0.706
Q96A32,MYL11,K92Y,0.605
Q96A32,MYL11,K92I,0.612
Q96A32,MYL11,K92A,0.653
Q96A32,MYL11,K92C,0.573
Q96A32,MYL11,K92D,0.63
Q96A32,MYL11,K92L,0.628
Q96A32,MYL11,K92F,0.561
Q96A32,MYL11,K92G,0.601
Q96A32,MYL11,K92H,0.679
Q96A32,MYL11,K92E,0.742
Q96A32,MYL11,G93N,0.709
Q96A32,MYL11,G93W,0.62
Q96A32,MYL11,G93V,0.608
Q96A32,MYL11,G93T,0.624
Q96A32,MYL11,G93S,0.746
Q96A32,MYL11,G93R,0.654
Q96A32,MYL11,G93Q,0.618
Q96A32,MYL11,G93P,0.584
Q96A32,MYL11,G93M,0.568
Q96A32,MYL11,G93Y,0.554
Q96A32,MYL11,G93K,0.616
Q96A32,MYL11,G93A,0.75
Q96A32,MYL11,G93C,0.624
Q96A32,MYL11,G93D,0.684
Q96A32,MYL11,G93L,0.513
Q96A32,MYL11,G93F,0.57
Q96A32,MYL11,G93H,0.609
Q96A32,MYL11,G93I,0.54
Q96A32,MYL11,G93E,0.65
Q96A32,MYL11,A94N,0.862
Q96A32,MYL11,A94W,0.814
Q96A32,MYL11,A94V,1.026
Q96A32,MYL11,A94T,1.005
Q96A32,MYL11,A94S,1.008
Q96A32,MYL11,A94R,0.844
Q96A32,MYL11,A94Q,0.88
Q96A32,MYL11,A94P,0.932
Q96A32,MYL11,A94Y,0.863
Q96A32,MYL11,A94M,0.957
Q96A32,MYL11,A94K,0.853
Q96A32,MYL11,A94I,0.947
Q96A32,MYL11,A94H,0.831
Q96A32,MYL11,A94G,0.963
Q96A32,MYL11,A94F,0.884
Q96A32,MYL11,A94E,0.906
Q96A32,MYL11,A94D,0.859
Q96A32,MYL11,A94C,0.96
Q96A32,MYL11,A94L,0.934
Q96A32,MYL11,D95P,0.704
Q96A32,MYL11,D95Q,0.8
Q96A32,MYL11,D95R,0.707
Q96A32,MYL11,D95N,0.886
Q96A32,MYL11,D95T,0.778
Q96A32,MYL11,D95V,0.758
Q96A32,MYL11,D95W,0.657
Q96A32,MYL11,D95S,0.814
Q96A32,MYL11,D95M,0.739
Q96A32,MYL11,D95Y,0.78
Q96A32,MYL11,D95K,0.761
Q96A32,MYL11,D95A,0.784
Q96A32,MYL11,D95C,0.724
Q96A32,MYL11,D95E,0.924
Q96A32,MYL11,D95L,0.711
Q96A32,MYL11,D95G,0.812
Q96A32,MYL11,D95H,0.8
Q96A32,MYL11,D95I,0.75
Q96A32,MYL11,D95F,0.762
Q96A32,MYL11,P96N,0.68
Q96A32,MYL11,P96Y,0.674
Q96A32,MYL11,P96W,0.574
Q96A32,MYL11,P96V,0.718
Q96A32,MYL11,P96T,0.757
Q96A32,MYL11,P96S,0.761
Q96A32,MYL11,P96R,0.706
Q96A32,MYL11,P96Q,0.759
Q96A32,MYL11,P96M,0.72
Q96A32,MYL11,P96L,0.748
Q96A32,MYL11,P96K,0.696
Q96A32,MYL11,P96C,0.649
Q96A32,MYL11,P96D,0.659
Q96A32,MYL11,P96E,0.702
Q96A32,MYL11,P96A,0.772
Q96A32,MYL11,P96G,0.667
Q96A32,MYL11,P96H,0.721
Q96A32,MYL11,P96I,0.696
Q96A32,MYL11,P96F,0.658
Q96A32,MYL11,E97N,0.65
Q96A32,MYL11,E97W,0.618
Q96A32,MYL11,E97V,0.702
Q96A32,MYL11,E97T,0.633
Q96A32,MYL11,E97S,0.64
Q96A32,MYL11,E97R,0.682
Q96A32,MYL11,E97Q,0.813
Q96A32,MYL11,E97P,0.539
Q96A32,MYL11,E97M,0.722
Q96A32,MYL11,E97Y,0.68
Q96A32,MYL11,E97K,0.709
Q96A32,MYL11,E97A,0.7
Q96A32,MYL11,E97C,0.626
Q96A32,MYL11,E97D,0.79
Q96A32,MYL11,E97L,0.668
Q96A32,MYL11,E97G,0.639
Q96A32,MYL11,E97H,0.691
Q96A32,MYL11,E97I,0.677
Q96A32,MYL11,E97F,0.646
Q96A32,MYL11,D98N,0.953
Q96A32,MYL11,D98W,0.68
Q96A32,MYL11,D98V,0.778
Q96A32,MYL11,D98T,0.834
Q96A32,MYL11,D98S,0.88
Q96A32,MYL11,D98R,0.764
Q96A32,MYL11,D98Q,0.863
Q96A32,MYL11,D98P,0.788
Q96A32,MYL11,D98M,0.763
Q96A32,MYL11,D98Y,0.804
Q96A32,MYL11,D98K,0.827
Q96A32,MYL11,D98A,0.828
Q96A32,MYL11,D98C,0.742
Q96A32,MYL11,D98E,0.99
Q96A32,MYL11,D98L,0.716
Q96A32,MYL11,D98G,0.879
Q96A32,MYL11,D98H,0.845
Q96A32,MYL11,D98I,0.756
Q96A32,MYL11,D98F,0.768
Q96A32,MYL11,V99M,0.842
Q96A32,MYL11,V99W,0.631
Q96A32,MYL11,V99T,0.802
Q96A32,MYL11,V99S,0.698
Q96A32,MYL11,V99R,0.657
Q96A32,MYL11,V99Q,0.68
Q96A32,MYL11,V99P,0.698
Q96A32,MYL11,V99N,0.662
Q96A32,MYL11,V99Y,0.706
Q96A32,MYL11,V99L,0.835
Q96A32,MYL11,V99I,0.911
Q96A32,MYL11,V99H,0.644
Q96A32,MYL11,V99G,0.7
Q96A32,MYL11,V99F,0.759
Q96A32,MYL11,V99E,0.718
Q96A32,MYL11,V99D,0.671
Q96A32,MYL11,V99C,0.704
Q96A32,MYL11,V99A,0.789
Q96A32,MYL11,V99K,0.688
Q96A32,MYL11,I100P,0.458
Q96A32,MYL11,I100Q,0.446
Q96A32,MYL11,I100R,0.466
Q96A32,MYL11,I100N,0.496
Q96A32,MYL11,I100T,0.602
Q96A32,MYL11,I100V,0.804
Q96A32,MYL11,I100W,0.478
Q96A32,MYL11,I100S,0.516
Q96A32,MYL11,I100M,0.718
Q96A32,MYL11,I100Y,0.58
Q96A32,MYL11,I100K,0.454
Q96A32,MYL11,I100A,0.571
Q96A32,MYL11,I100C,0.587
Q96A32,MYL11,I100D,0.426
Q96A32,MYL11,I100L,0.766
Q96A32,MYL11,I100F,0.673
Q96A32,MYL11,I100G,0.428
Q96A32,MYL11,I100H,0.464
Q96A32,MYL11,I100E,0.438
Q96A32,MYL11,T101W,0.494
Q96A32,MYL11,T101V,0.778
Q96A32,MYL11,T101S,0.756
Q96A32,MYL11,T101R,0.598
Q96A32,MYL11,T101Q,0.611
Q96A32,MYL11,T101P,0.595
Q96A32,MYL11,T101N,0.68
Q96A32,MYL11,T101M,0.762
Q96A32,MYL11,T101L,0.728
Q96A32,MYL11,T101Y,0.625
Q96A32,MYL11,T101I,0.762
Q96A32,MYL11,T101A,0.768
Q96A32,MYL11,T101C,0.74
Q96A32,MYL11,T101D,0.572
Q96A32,MYL11,T101K,0.615
Q96A32,MYL11,T101F,0.646
Q96A32,MYL11,T101G,0.589
Q96A32,MYL11,T101H,0.561
Q96A32,MYL11,T101E,0.561
Q96A32,MYL11,G102N,0.776
Q96A32,MYL11,G102W,0.72
Q96A32,MYL11,G102V,0.778
Q96A32,MYL11,G102T,0.736
Q96A32,MYL11,G102S,0.857
Q96A32,MYL11,G102R,0.747
Q96A32,MYL11,G102Q,0.699
Q96A32,MYL11,G102P,0.661
Q96A32,MYL11,G102Y,0.631
Q96A32,MYL11,G102M,0.749
Q96A32,MYL11,G102K,0.686
Q96A32,MYL11,G102L,0.683
Q96A32,MYL11,G102A,0.914
Q96A32,MYL11,G102C,0.809
Q96A32,MYL11,G102D,0.75
Q96A32,MYL11,G102F,0.688
Q96A32,MYL11,G102H,0.672
Q96A32,MYL11,G102I,0.712
Q96A32,MYL11,G102E,0.751
Q96A32,MYL11,A103Y,0.636
Q96A32,MYL11,A103W,0.584
Q96A32,MYL11,A103V,0.79
Q96A32,MYL11,A103T,0.781
Q96A32,MYL11,A103S,0.79
Q96A32,MYL11,A103R,0.644
Q96A32,MYL11,A103Q,0.674
Q96A32,MYL11,A103P,0.725
Q96A32,MYL11,A103N,0.654
Q96A32,MYL11,A103M,0.721
Q96A32,MYL11,A103K,0.664
Q96A32,MYL11,A103C,0.728
Q96A32,MYL11,A103D,0.653
Q96A32,MYL11,A103E,0.697
Q96A32,MYL11,A103L,0.7
Q96A32,MYL11,A103G,0.746
Q96A32,MYL11,A103H,0.618
Q96A32,MYL11,A103I,0.704
Q96A32,MYL11,A103F,0.646
Q96A32,MYL11,F104N,0.386
Q96A32,MYL11,F104W,0.629
Q96A32,MYL11,F104V,0.605
Q96A32,MYL11,F104T,0.456
Q96A32,MYL11,F104S,0.483
Q96A32,MYL11,F104R,0.352
Q96A32,MYL11,F104Q,0.338
Q96A32,MYL11,F104P,0.272
Q96A32,MYL11,F104M,0.623
Q96A32,MYL11,F104Y,0.721
Q96A32,MYL11,F104K,0.332
Q96A32,MYL11,F104A,0.47
Q96A32,MYL11,F104C,0.578
Q96A32,MYL11,F104D,0.304
Q96A32,MYL11,F104L,0.676
Q96A32,MYL11,F104G,0.378
Q96A32,MYL11,F104H,0.532
Q96A32,MYL11,F104I,0.641
Q96A32,MYL11,F104E,0.267
Q96A32,MYL11,K105N,0.724
Q96A32,MYL11,K105W,0.565
Q96A32,MYL11,K105V,0.65
Q96A32,MYL11,K105T,0.688
Q96A32,MYL11,K105S,0.69
Q96A32,MYL11,K105R,0.796
Q96A32,MYL11,K105Q,0.752
Q96A32,MYL11,K105P,0.636
Q96A32,MYL11,K105Y,0.588
Q96A32,MYL11,K105M,0.718
Q96A32,MYL11,K105I,0.63
Q96A32,MYL11,K105H,0.663
Q96A32,MYL11,K105G,0.611
Q96A32,MYL11,K105F,0.581
Q96A32,MYL11,K105E,0.741
Q96A32,MYL11,K105D,0.629
Q96A32,MYL11,K105C,0.555
Q96A32,MYL11,K105A,0.662
Q96A32,MYL11,K105L,0.65
Q96A32,MYL11,V106P,0.65
Q96A32,MYL11,V106Q,0.636
Q96A32,MYL11,V106R,0.609
Q96A32,MYL11,V106N,0.616
Q96A32,MYL11,V106T,0.752
Q96A32,MYL11,V106W,0.575
Q96A32,MYL11,V106Y,0.655
Q96A32,MYL11,V106S,0.649
Q96A32,MYL11,V106M,0.781
Q96A32,MYL11,V106L,0.766
Q96A32,MYL11,V106K,0.645
Q96A32,MYL11,V106C,0.643
Q96A32,MYL11,V106D,0.628
Q96A32,MYL11,V106E,0.68
Q96A32,MYL11,V106A,0.738
Q96A32,MYL11,V106G,0.647
Q96A32,MYL11,V106H,0.593
Q96A32,MYL11,V106I,0.849
Q96A32,MYL11,V106F,0.692
Q96A32,MYL11,L107P,0.689
Q96A32,MYL11,L107Y,0.714
Q96A32,MYL11,L107W,0.686
Q96A32,MYL11,L107V,0.836
Q96A32,MYL11,L107T,0.708
Q96A32,MYL11,L107S,0.682
Q96A32,MYL11,L107R,0.674
Q96A32,MYL11,L107Q,0.701
Q96A32,MYL11,L107N,0.603
Q96A32,MYL11,L107M,0.888
Q96A32,MYL11,L107K,0.636
Q96A32,MYL11,L107C,0.687
Q96A32,MYL11,L107D,0.562
Q96A32,MYL11,L107E,0.611
Q96A32,MYL11,L107A,0.708
Q96A32,MYL11,L107G,0.561
Q96A32,MYL11,L107H,0.675
Q96A32,MYL11,L107I,0.871
Q96A32,MYL11,L107F,0.814
Q96A32,MYL11,D108N,0.682
Q96A32,MYL11,D108W,0.431
Q96A32,MYL11,D108V,0.569
Q96A32,MYL11,D108T,0.553
Q96A32,MYL11,D108S,0.575
Q96A32,MYL11,D108R,0.426
Q96A32,MYL11,D108Q,0.591
Q96A32,MYL11,D108P,0.38
Q96A32,MYL11,D108M,0.492
Q96A32,MYL11,D108Y,0.55
Q96A32,MYL11,D108K,0.483
Q96A32,MYL11,D108A,0.565
Q96A32,MYL11,D108C,0.579
Q96A32,MYL11,D108E,0.69
Q96A32,MYL11,D108L,0.502
Q96A32,MYL11,D108G,0.555
Q96A32,MYL11,D108H,0.615
Q96A32,MYL11,D108I,0.541
Q96A32,MYL11,D108F,0.552
Q96A32,MYL11,P109M,0.8
Q96A32,MYL11,P109W,0.666
Q96A32,MYL11,P109V,0.8
Q96A32,MYL11,P109T,0.868
Q96A32,MYL11,P109S,0.877
Q96A32,MYL11,P109R,0.808
Q96A32,MYL11,P109Q,0.876
Q96A32,MYL11,P109N,0.788
Q96A32,MYL11,P109L,0.813
Q96A32,MYL11,P109Y,0.748
Q96A32,MYL11,P109I,0.761
Q96A32,MYL11,P109A,0.88
Q96A32,MYL11,P109C,0.718
Q96A32,MYL11,P109D,0.794
Q96A32,MYL11,P109K,0.816
Q96A32,MYL11,P109F,0.71
Q96A32,MYL11,P109G,0.772
Q96A32,MYL11,P109H,0.817
Q96A32,MYL11,P109E,0.824
Q96A32,MYL11,E110N,0.738
Q96A32,MYL11,E110W,0.591
Q96A32,MYL11,E110V,0.705
Q96A32,MYL11,E110T,0.703
Q96A32,MYL11,E110S,0.72
Q96A32,MYL11,E110R,0.72
Q96A32,MYL11,E110Q,0.847
Q96A32,MYL11,E110P,0.686
Q96A32,MYL11,E110Y,0.643
Q96A32,MYL11,E110M,0.672
Q96A32,MYL11,E110K,0.799
Q96A32,MYL11,E110I,0.653
Q96A32,MYL11,E110H,0.73
Q96A32,MYL11,E110G,0.699
Q96A32,MYL11,E110F,0.606
Q96A32,MYL11,E110D,0.862
Q96A32,MYL11,E110C,0.569
Q96A32,MYL11,E110A,0.735
Q96A32,MYL11,E110L,0.637
Q96A32,MYL11,G111Q,0.586
Q96A32,MYL11,G111R,0.623
Q96A32,MYL11,G111S,0.71
Q96A32,MYL11,G111P,0.565
Q96A32,MYL11,G111V,0.595
Q96A32,MYL11,G111W,0.596
Q96A32,MYL11,G111Y,0.542
Q96A32,MYL11,G111T,0.597
Q96A32,MYL11,G111N,0.69
Q96A32,MYL11,G111M,0.508
Q96A32,MYL11,G111L,0.497
Q96A32,MYL11,G111C,0.591
Q96A32,MYL11,G111D,0.657
Q96A32,MYL11,G111E,0.614
Q96A32,MYL11,G111A,0.692
Q96A32,MYL11,G111H,0.589
Q96A32,MYL11,G111I,0.519
Q96A32,MYL11,G111K,0.586
Q96A32,MYL11,G111F,0.57
Q96A32,MYL11,K112P,0.718
Q96A32,MYL11,K112Y,0.679
Q96A32,MYL11,K112W,0.653
Q96A32,MYL11,K112V,0.728
Q96A32,MYL11,K112T,0.776
Q96A32,MYL11,K112S,0.777
Q96A32,MYL11,K112R,0.893
Q96A32,MYL11,K112Q,0.839
Q96A32,MYL11,K112N,0.814
Q96A32,MYL11,K112M,0.799
Q96A32,MYL11,K112L,0.73
Q96A32,MYL11,K112C,0.636
Q96A32,MYL11,K112D,0.714
Q96A32,MYL11,K112E,0.827
Q96A32,MYL11,K112A,0.744
Q96A32,MYL11,K112G,0.692
Q96A32,MYL11,K112H,0.754
Q96A32,MYL11,K112I,0.713
Q96A32,MYL11,K112F,0.664
Q96A32,MYL11,G113N,0.527
Q96A32,MYL11,G113W,0.45
Q96A32,MYL11,G113V,0.508
Q96A32,MYL11,G113T,0.484
Q96A32,MYL11,G113S,0.608
Q96A32,MYL11,G113R,0.466
Q96A32,MYL11,G113Q,0.422
Q96A32,MYL11,G113P,0.403
Q96A32,MYL11,G113M,0.5
Q96A32,MYL11,G113Y,0.344
Q96A32,MYL11,G113K,0.414
Q96A32,MYL11,G113A,0.668
Q96A32,MYL11,G113C,0.544
Q96A32,MYL11,G113D,0.476
Q96A32,MYL11,G113L,0.43
Q96A32,MYL11,G113F,0.417
Q96A32,MYL11,G113H,0.392
Q96A32,MYL11,G113I,0.434
Q96A32,MYL11,G113E,0.461
Q96A32,MYL11,T114M,0.902
Q96A32,MYL11,T114W,0.676
Q96A32,MYL11,T114V,0.915
Q96A32,MYL11,T114S,0.922
Q96A32,MYL11,T114R,0.768
Q96A32,MYL11,T114Q,0.771
Q96A32,MYL11,T114P,0.764
Q96A32,MYL11,T114N,0.846
Q96A32,MYL11,T114L,0.869
Q96A32,MYL11,T114Y,0.786
Q96A32,MYL11,T114I,0.902
Q96A32,MYL11,T114A,0.933
Q96A32,MYL11,T114C,0.881
Q96A32,MYL11,T114D,0.732
Q96A32,MYL11,T114K,0.786
Q96A32,MYL11,T114F,0.802
Q96A32,MYL11,T114G,0.744
Q96A32,MYL11,T114H,0.724
Q96A32,MYL11,T114E,0.718
Q96A32,MYL11,I115N,0.628
Q96A32,MYL11,I115W,0.626
Q96A32,MYL11,I115V,0.942
Q96A32,MYL11,I115T,0.74
Q96A32,MYL11,I115S,0.648
Q96A32,MYL11,I115R,0.606
Q96A32,MYL11,I115Q,0.584
Q96A32,MYL11,I115P,0.595
Q96A32,MYL11,I115Y,0.722
Q96A32,MYL11,I115M,0.862
Q96A32,MYL11,I115K,0.592
Q96A32,MYL11,I115H,0.602
Q96A32,MYL11,I115G,0.555
Q96A32,MYL11,I115F,0.818
Q96A32,MYL11,I115E,0.575
Q96A32,MYL11,I115D,0.555
Q96A32,MYL11,I115C,0.718
Q96A32,MYL11,I115A,0.705
Q96A32,MYL11,I115L,0.908
Q96A32,MYL11,K116P,0.707
Q96A32,MYL11,K116Q,0.824
Q96A32,MYL11,K116R,0.866
Q96A32,MYL11,K116N,0.798
Q96A32,MYL11,K116T,0.762
Q96A32,MYL11,K116V,0.72
Q96A32,MYL11,K116W,0.612
Q96A32,MYL11,K116S,0.762
Q96A32,MYL11,K116M,0.788
Q96A32,MYL11,K116Y,0.661
Q96A32,MYL11,K116I,0.674
Q96A32,MYL11,K116A,0.734
Q96A32,MYL11,K116C,0.62
Q96A32,MYL11,K116D,0.702
Q96A32,MYL11,K116L,0.719
Q96A32,MYL11,K116F,0.643
Q96A32,MYL11,K116G,0.686
Q96A32,MYL11,K116H,0.734
Q96A32,MYL11,K116E,0.812
Q96A32,MYL11,K117P,0.58
Q96A32,MYL11,K117Y,0.739
Q96A32,MYL11,K117W,0.792
Q96A32,MYL11,K117V,0.786
Q96A32,MYL11,K117T,0.786
Q96A32,MYL11,K117S,0.726
Q96A32,MYL11,K117R,0.932
Q96A32,MYL11,K117Q,0.866
Q96A32,MYL11,K117N,0.8
Q96A32,MYL11,K117M,0.834
Q96A32,MYL11,K117L,0.797
Q96A32,MYL11,K117C,0.784
Q96A32,MYL11,K117D,0.651
Q96A32,MYL11,K117E,0.789
Q96A32,MYL11,K117A,0.75
Q96A32,MYL11,K117G,0.628
Q96A32,MYL11,K117H,0.769
Q96A32,MYL11,K117I,0.76
Q96A32,MYL11,K117F,0.7
Q96A32,MYL11,K118N,1.116
Q96A32,MYL11,K118W,0.932
Q96A32,MYL11,K118V,0.986
Q96A32,MYL11,K118T,1.068
Q96A32,MYL11,K118S,1.038
Q96A32,MYL11,K118R,1.195
Q96A32,MYL11,K118Q,1.144
Q96A32,MYL11,K118P,0.957
Q96A32,MYL11,K118M,1.082
Q96A32,MYL11,K118Y,0.913
Q96A32,MYL11,K118I,0.975
Q96A32,MYL11,K118A,1.005
Q96A32,MYL11,K118C,0.897
Q96A32,MYL11,K118D,0.966
Q96A32,MYL11,K118L,0.967
Q96A32,MYL11,K118F,0.872
Q96A32,MYL11,K118G,0.936
Q96A32,MYL11,K118H,1.026
Q96A32,MYL11,K118E,1.124
Q96A32,MYL11,F119N,0.719
Q96A32,MYL11,F119W,0.854
Q96A32,MYL11,F119V,0.856
Q96A32,MYL11,F119T,0.794
Q96A32,MYL11,F119S,0.799
Q96A32,MYL11,F119R,0.738
Q96A32,MYL11,F119Q,0.756
Q96A32,MYL11,F119P,0.706
Q96A32,MYL11,F119M,0.861
Q96A32,MYL11,F119Y,0.992
Q96A32,MYL11,F119K,0.72
Q96A32,MYL11,F119A,0.799
Q96A32,MYL11,F119C,0.816
Q96A32,MYL11,F119D,0.745
Q96A32,MYL11,F119L,0.918
Q96A32,MYL11,F119G,0.71
Q96A32,MYL11,F119H,0.815
Q96A32,MYL11,F119I,0.891
Q96A32,MYL11,F119E,0.708
Q96A32,MYL11,L120N,0.553
Q96A32,MYL11,L120W,0.688
Q96A32,MYL11,L120V,0.854
Q96A32,MYL11,L120T,0.664
Q96A32,MYL11,L120S,0.61
Q96A32,MYL11,L120R,0.598
Q96A32,MYL11,L120Q,0.622
Q96A32,MYL11,L120P,0.566
Q96A32,MYL11,L120Y,0.681
Q96A32,MYL11,L120M,0.896
Q96A32,MYL11,L120I,0.893
Q96A32,MYL11,L120H,0.566
Q96A32,MYL11,L120G,0.509
Q96A32,MYL11,L120F,0.824
Q96A32,MYL11,L120E,0.499
Q96A32,MYL11,L120D,0.442
Q96A32,MYL11,L120C,0.734
Q96A32,MYL11,L120A,0.683
Q96A32,MYL11,L120K,0.574
Q96A32,MYL11,E121P,0.675
Q96A32,MYL11,E121Q,0.988
Q96A32,MYL11,E121R,0.84
Q96A32,MYL11,E121N,0.806
Q96A32,MYL11,E121T,0.784
Q96A32,MYL11,E121V,0.843
Q96A32,MYL11,E121W,0.735
Q96A32,MYL11,E121S,0.799
Q96A32,MYL11,E121M,0.867
Q96A32,MYL11,E121Y,0.825
Q96A32,MYL11,E121K,0.895
Q96A32,MYL11,E121A,0.872
Q96A32,MYL11,E121C,0.76
Q96A32,MYL11,E121D,0.979
Q96A32,MYL11,E121L,0.78
Q96A32,MYL11,E121G,0.816
Q96A32,MYL11,E121H,0.836
Q96A32,MYL11,E121I,0.792
Q96A32,MYL11,E121F,0.746
Q96A32,MYL11,E122W,0.655
Q96A32,MYL11,E122V,0.78
Q96A32,MYL11,E122T,0.777
Q96A32,MYL11,E122S,0.794
Q96A32,MYL11,E122R,0.79
Q96A32,MYL11,E122Q,0.916
Q96A32,MYL11,E122P,0.76
Q96A32,MYL11,E122N,0.808
Q96A32,MYL11,E122M,0.744
Q96A32,MYL11,E122Y,0.706
Q96A32,MYL11,E122K,0.872
Q96A32,MYL11,E122A,0.81
Q96A32,MYL11,E122C,0.645
Q96A32,MYL11,E122D,0.929
Q96A32,MYL11,E122L,0.709
Q96A32,MYL11,E122G,0.776
Q96A32,MYL11,E122H,0.799
Q96A32,MYL11,E122I,0.723
Q96A32,MYL11,E122F,0.676
Q96A32,MYL11,L123N,0.618
Q96A32,MYL11,L123W,0.731
Q96A32,MYL11,L123V,0.896
Q96A32,MYL11,L123T,0.722
Q96A32,MYL11,L123S,0.668
Q96A32,MYL11,L123R,0.66
Q96A32,MYL11,L123Q,0.674
Q96A32,MYL11,L123P,0.635
Q96A32,MYL11,L123Y,0.73
Q96A32,MYL11,L123M,0.942
Q96A32,MYL11,L123I,0.931
Q96A32,MYL11,L123K,0.64
Q96A32,MYL11,L123A,0.736
Q96A32,MYL11,L123C,0.78
Q96A32,MYL11,L123D,0.514
Q96A32,MYL11,L123F,0.862
Q96A32,MYL11,L123G,0.568
Q96A32,MYL11,L123H,0.641
Q96A32,MYL11,L123E,0.563
Q96A32,MYL11,L124Y,0.5
Q96A32,MYL11,L124W,0.496
Q96A32,MYL11,L124V,0.715
Q96A32,MYL11,L124T,0.52
Q96A32,MYL11,L124S,0.454
Q96A32,MYL11,L124R,0.43
Q96A32,MYL11,L124Q,0.456
Q96A32,MYL11,L124P,0.406
Q96A32,MYL11,L124N,0.381
Q96A32,MYL11,L124M,0.76
Q96A32,MYL11,L124I,0.744
Q96A32,MYL11,L124A,0.54
Q96A32,MYL11,L124C,0.58
Q96A32,MYL11,L124D,0.3
Q96A32,MYL11,L124K,0.414
Q96A32,MYL11,L124F,0.65
Q96A32,MYL11,L124G,0.342
Q96A32,MYL11,L124H,0.431
Q96A32,MYL11,L124E,0.346
Q96A32,MYL11,T125M,0.846
Q96A32,MYL11,T125W,0.663
Q96A32,MYL11,T125V,0.849
Q96A32,MYL11,T125S,0.876
Q96A32,MYL11,T125R,0.778
Q96A32,MYL11,T125Q,0.762
Q96A32,MYL11,T125P,0.799
Q96A32,MYL11,T125N,0.841
Q96A32,MYL11,T125L,0.782
Q96A32,MYL11,T125Y,0.715
Q96A32,MYL11,T125I,0.831
Q96A32,MYL11,T125A,0.858
Q96A32,MYL11,T125C,0.756
Q96A32,MYL11,T125D,0.732
Q96A32,MYL11,T125K,0.784
Q96A32,MYL11,T125F,0.729
Q96A32,MYL11,T125G,0.739
Q96A32,MYL11,T125H,0.743
Q96A32,MYL11,T125E,0.75
Q96A32,MYL11,T126M,0.764
Q96A32,MYL11,T126W,0.59
Q96A32,MYL11,T126V,0.766
Q96A32,MYL11,T126S,0.808
Q96A32,MYL11,T126R,0.712
Q96A32,MYL11,T126Q,0.697
Q96A32,MYL11,T126P,0.729
Q96A32,MYL11,T126N,0.776
Q96A32,MYL11,T126Y,0.642
Q96A32,MYL11,T126L,0.695
Q96A32,MYL11,T126I,0.748
Q96A32,MYL11,T126H,0.675
Q96A32,MYL11,T126G,0.668
Q96A32,MYL11,T126F,0.644
Q96A32,MYL11,T126E,0.69
Q96A32,MYL11,T126D,0.672
Q96A32,MYL11,T126C,0.675
Q96A32,MYL11,T126A,0.783
Q96A32,MYL11,T126K,0.716
Q96A32,MYL11,Q127N,0.796
Q96A32,MYL11,Q127P,0.782
Q96A32,MYL11,Q127R,0.862
Q96A32,MYL11,Q127M,0.816
Q96A32,MYL11,Q127V,0.731
Q96A32,MYL11,Q127W,0.656
Q96A32,MYL11,Q127Y,0.74
Q96A32,MYL11,Q127T,0.769
Q96A32,MYL11,Q127L,0.759
Q96A32,MYL11,Q127S,0.781
Q96A32,MYL11,Q127I,0.694
Q96A32,MYL11,Q127C,0.679
Q96A32,MYL11,Q127D,0.77
Q96A32,MYL11,Q127E,0.882
Q96A32,MYL11,Q127A,0.764
Q96A32,MYL11,Q127F,0.676
Q96A32,MYL11,Q127G,0.707
Q96A32,MYL11,Q127H,0.833
Q96A32,MYL11,Q127K,0.85
Q96A32,MYL11,C128P,0.847
Q96A32,MYL11,C128Y,0.923
Q96A32,MYL11,C128W,0.907
Q96A32,MYL11,C128V,0.847
Q96A32,MYL11,C128T,0.881
Q96A32,MYL11,C128S,0.907
Q96A32,MYL11,C128R,0.896
Q96A32,MYL11,C128Q,0.84
Q96A32,MYL11,C128N,0.82
Q96A32,MYL11,C128M,0.798
Q96A32,MYL11,C128L,0.86
Q96A32,MYL11,C128D,0.748
Q96A32,MYL11,C128E,0.799
Q96A32,MYL11,C128F,0.894
Q96A32,MYL11,C128A,0.89
Q96A32,MYL11,C128H,0.862
Q96A32,MYL11,C128I,0.875
Q96A32,MYL11,C128K,0.835
Q96A32,MYL11,C128G,0.855
Q96A32,MYL11,D129N,0.942
Q96A32,MYL11,D129W,0.679
Q96A32,MYL11,D129V,0.762
Q96A32,MYL11,D129T,0.818
Q96A32,MYL11,D129S,0.864
Q96A32,MYL11,D129R,0.758
Q96A32,MYL11,D129Q,0.852
Q96A32,MYL11,D129P,0.76
Q96A32,MYL11,D129M,0.747
Q96A32,MYL11,D129Y,0.795
Q96A32,MYL11,D129K,0.819
Q96A32,MYL11,D129A,0.81
Q96A32,MYL11,D129C,0.734
Q96A32,MYL11,D129E,0.98
Q96A32,MYL11,D129L,0.704
Q96A32,MYL11,D129G,0.859
Q96A32,MYL11,D129H,0.832
Q96A32,MYL11,D129I,0.746
Q96A32,MYL11,D129F,0.754
Q96A32,MYL11,R130M,0.734
Q96A32,MYL11,R130W,0.686
Q96A32,MYL11,R130V,0.652
Q96A32,MYL11,R130T,0.734
Q96A32,MYL11,R130S,0.732
Q96A32,MYL11,R130Q,0.827
Q96A32,MYL11,R130P,0.684
Q96A32,MYL11,R130N,0.762
Q96A32,MYL11,R130L,0.703
Q96A32,MYL11,R130Y,0.678
Q96A32,MYL11,R130I,0.657
Q96A32,MYL11,R130A,0.688
Q96A32,MYL11,R130C,0.708
Q96A32,MYL11,R130D,0.633
Q96A32,MYL11,R130K,0.864
Q96A32,MYL11,R130F,0.602
Q96A32,MYL11,R130G,0.71
Q96A32,MYL11,R130H,0.8
Q96A32,MYL11,R130E,0.731
Q96A32,MYL11,F131N,0.504
Q96A32,MYL11,F131W,0.649
Q96A32,MYL11,F131V,0.648
Q96A32,MYL11,F131T,0.581
Q96A32,MYL11,F131S,0.584
Q96A32,MYL11,F131R,0.528
Q96A32,MYL11,F131Q,0.542
Q96A32,MYL11,F131P,0.491
Q96A32,MYL11,F131Y,0.786
Q96A32,MYL11,F131M,0.655
Q96A32,MYL11,F131K,0.508
Q96A32,MYL11,F131I,0.686
Q96A32,MYL11,F131H,0.606
Q96A32,MYL11,F131G,0.494
Q96A32,MYL11,F131E,0.491
Q96A32,MYL11,F131D,0.528
Q96A32,MYL11,F131C,0.606
Q96A32,MYL11,F131A,0.584
Q96A32,MYL11,F131L,0.714
Q96A32,MYL11,S132P,0.765
Q96A32,MYL11,S132Q,0.75
Q96A32,MYL11,S132R,0.74
Q96A32,MYL11,S132N,0.858
Q96A32,MYL11,S132V,0.71
Q96A32,MYL11,S132W,0.626
Q96A32,MYL11,S132Y,0.708
Q96A32,MYL11,S132T,0.844
Q96A32,MYL11,S132M,0.737
Q96A32,MYL11,S132L,0.725
Q96A32,MYL11,S132K,0.766
Q96A32,MYL11,S132C,0.76
Q96A32,MYL11,S132D,0.748
Q96A32,MYL11,S132E,0.73
Q96A32,MYL11,S132A,0.835
Q96A32,MYL11,S132G,0.801
Q96A32,MYL11,S132H,0.719
Q96A32,MYL11,S132I,0.71
Q96A32,MYL11,S132F,0.738
Q96A32,MYL11,Q133N,1.034
Q96A32,MYL11,Q133Y,0.986
Q96A32,MYL11,Q133W,0.937
Q96A32,MYL11,Q133V,0.978
Q96A32,MYL11,Q133T,1.01
Q96A32,MYL11,Q133S,1.02
Q96A32,MYL11,Q133R,1.114
Q96A32,MYL11,Q133P,1.02
Q96A32,MYL11,Q133M,1.065
Q96A32,MYL11,Q133L,1.014
Q96A32,MYL11,Q133K,1.092
Q96A32,MYL11,Q133C,0.936
Q96A32,MYL11,Q133D,1.009
Q96A32,MYL11,Q133E,1.126
Q96A32,MYL11,Q133A,1.005
Q96A32,MYL11,Q133G,0.946
Q96A32,MYL11,Q133H,1.093
Q96A32,MYL11,Q133I,0.948
Q96A32,MYL11,Q133F,0.929
Q96A32,MYL11,E134N,0.824
Q96A32,MYL11,E134W,0.682
Q96A32,MYL11,E134V,0.8
Q96A32,MYL11,E134T,0.794
Q96A32,MYL11,E134S,0.809
Q96A32,MYL11,E134R,0.808
Q96A32,MYL11,E134Q,0.932
Q96A32,MYL11,E134P,0.774
Q96A32,MYL11,E134M,0.767
Q96A32,MYL11,E134Y,0.732
Q96A32,MYL11,E134K,0.886
Q96A32,MYL11,E134A,0.826
Q96A32,MYL11,E134C,0.666
Q96A32,MYL11,E134D,0.946
Q96A32,MYL11,E134L,0.736
Q96A32,MYL11,E134G,0.79
Q96A32,MYL11,E134H,0.819
Q96A32,MYL11,E134I,0.748
Q96A32,MYL11,E134F,0.705
Q96A32,MYL11,E135N,0.647
Q96A32,MYL11,E135W,0.522
Q96A32,MYL11,E135V,0.663
Q96A32,MYL11,E135T,0.622
Q96A32,MYL11,E135S,0.642
Q96A32,MYL11,E135R,0.682
Q96A32,MYL11,E135Q,0.815
Q96A32,MYL11,E135P,0.494
Q96A32,MYL11,E135M,0.682
Q96A32,MYL11,E135Y,0.63
Q96A32,MYL11,E135K,0.722
Q96A32,MYL11,E135A,0.696
Q96A32,MYL11,E135C,0.568
Q96A32,MYL11,E135D,0.792
Q96A32,MYL11,E135L,0.575
Q96A32,MYL11,E135G,0.635
Q96A32,MYL11,E135H,0.672
Q96A32,MYL11,E135I,0.581
Q96A32,MYL11,E135F,0.532
Q96A32,MYL11,I136N,0.52
Q96A32,MYL11,I136W,0.612
Q96A32,MYL11,I136V,0.948
Q96A32,MYL11,I136T,0.706
Q96A32,MYL11,I136S,0.584
Q96A32,MYL11,I136R,0.562
Q96A32,MYL11,I136Q,0.528
Q96A32,MYL11,I136P,0.457
Q96A32,MYL11,I136Y,0.637
Q96A32,MYL11,I136M,0.876
Q96A32,MYL11,I136K,0.562
Q96A32,MYL11,I136H,0.603
Q96A32,MYL11,I136G,0.459
Q96A32,MYL11,I136F,0.786
Q96A32,MYL11,I136E,0.441
Q96A32,MYL11,I136D,0.438
Q96A32,MYL11,I136C,0.76
Q96A32,MYL11,I136A,0.706
Q96A32,MYL11,I136L,0.909
Q96A32,MYL11,K137P,0.862
Q96A32,MYL11,K137Q,0.983
Q96A32,MYL11,K137R,1.026
Q96A32,MYL11,K137N,0.955
Q96A32,MYL11,K137T,0.916
Q96A32,MYL11,K137V,0.861
Q96A32,MYL11,K137W,0.788
Q96A32,MYL11,K137S,0.918
Q96A32,MYL11,K137M,0.93
Q96A32,MYL11,K137Y,0.809
Q96A32,MYL11,K137I,0.839
Q96A32,MYL11,K137A,0.886
Q96A32,MYL11,K137C,0.77
Q96A32,MYL11,K137D,0.86
Q96A32,MYL11,K137L,0.853
Q96A32,MYL11,K137F,0.786
Q96A32,MYL11,K137G,0.836
Q96A32,MYL11,K137H,0.889
Q96A32,MYL11,K137E,0.974
Q96A32,MYL11,N138P,0.719
Q96A32,MYL11,N138Y,0.772
Q96A32,MYL11,N138W,0.639
Q96A32,MYL11,N138V,0.723
Q96A32,MYL11,N138T,0.87
Q96A32,MYL11,N138S,0.918
Q96A32,MYL11,N138R,0.816
Q96A32,MYL11,N138Q,0.829
Q96A32,MYL11,N138M,0.762
Q96A32,MYL11,N138L,0.706
Q96A32,MYL11,N138K,0.849
Q96A32,MYL11,N138C,0.731
Q96A32,MYL11,N138D,0.892
Q96A32,MYL11,N138E,0.798
Q96A32,MYL11,N138A,0.77
Q96A32,MYL11,N138G,0.843
Q96A32,MYL11,N138H,0.898
Q96A32,MYL11,N138I,0.743
Q96A32,MYL11,N138F,0.731
Q96A32,MYL11,M139N,0.595
Q96A32,MYL11,M139W,0.676
Q96A32,MYL11,M139V,0.831
Q96A32,MYL11,M139T,0.718
Q96A32,MYL11,M139S,0.661
Q96A32,MYL11,M139R,0.661
Q96A32,MYL11,M139Q,0.689
Q96A32,MYL11,M139P,0.617
Q96A32,MYL11,M139L,0.868
Q96A32,MYL11,M139Y,0.624
Q96A32,MYL11,M139I,0.817
Q96A32,MYL11,M139A,0.692
Q96A32,MYL11,M139C,0.672
Q96A32,MYL11,M139D,0.516
Q96A32,MYL11,M139K,0.652
Q96A32,MYL11,M139F,0.736
Q96A32,MYL11,M139G,0.522
Q96A32,MYL11,M139H,0.587
Q96A32,MYL11,M139E,0.589
Q96A32,MYL11,W140M,0.686
Q96A32,MYL11,W140V,0.604
Q96A32,MYL11,W140T,0.56
Q96A32,MYL11,W140S,0.524
Q96A32,MYL11,W140R,0.531
Q96A32,MYL11,W140Q,0.549
Q96A32,MYL11,W140P,0.364
Q96A32,MYL11,W140N,0.42
Q96A32,MYL11,W140L,0.689
Q96A32,MYL11,W140Y,0.782
Q96A32,MYL11,W140I,0.582
Q96A32,MYL11,W140A,0.557
Q96A32,MYL11,W140C,0.681
Q96A32,MYL11,W140D,0.422
Q96A32,MYL11,W140K,0.492
Q96A32,MYL11,W140F,0.776
Q96A32,MYL11,W140G,0.6
Q96A32,MYL11,W140H,0.575
Q96A32,MYL11,W140E,0.476
Q96A32,MYL11,A141N,0.766
Q96A32,MYL11,A141W,0.694
Q96A32,MYL11,A141V,0.882
Q96A32,MYL11,A141T,0.885
Q96A32,MYL11,A141S,0.896
Q96A32,MYL11,A141R,0.752
Q96A32,MYL11,A141Q,0.784
Q96A32,MYL11,A141P,0.827
Q96A32,MYL11,A141Y,0.744
Q96A32,MYL11,A141M,0.817
Q96A32,MYL11,A141K,0.772
Q96A32,MYL11,A141I,0.8
Q96A32,MYL11,A141H,0.726
Q96A32,MYL11,A141G,0.849
Q96A32,MYL11,A141F,0.744
Q96A32,MYL11,A141E,0.813
Q96A32,MYL11,A141D,0.77
Q96A32,MYL11,A141C,0.823
Q96A32,MYL11,A141L,0.792
Q96A32,MYL11,A142P,0.78
Q96A32,MYL11,A142Q,0.735
Q96A32,MYL11,A142R,0.708
Q96A32,MYL11,A142N,0.718
Q96A32,MYL11,A142T,0.834
Q96A32,MYL11,A142V,0.818
Q96A32,MYL11,A142W,0.631
Q96A32,MYL11,A142S,0.848
Q96A32,MYL11,A142M,0.754
Q96A32,MYL11,A142Y,0.682
Q96A32,MYL11,A142K,0.732
Q96A32,MYL11,A142C,0.764
Q96A32,MYL11,A142D,0.719
Q96A32,MYL11,A142E,0.762
Q96A32,MYL11,A142L,0.72
Q96A32,MYL11,A142G,0.8
Q96A32,MYL11,A142H,0.675
Q96A32,MYL11,A142I,0.732
Q96A32,MYL11,A142F,0.672
Q96A32,MYL11,F143W,0.67
Q96A32,MYL11,F143V,0.673
Q96A32,MYL11,F143T,0.607
Q96A32,MYL11,F143S,0.609
Q96A32,MYL11,F143R,0.546
Q96A32,MYL11,F143Q,0.566
Q96A32,MYL11,F143P,0.518
Q96A32,MYL11,F143N,0.529
Q96A32,MYL11,F143M,0.678
Q96A32,MYL11,F143Y,0.806
Q96A32,MYL11,F143K,0.528
Q96A32,MYL11,F143A,0.61
Q96A32,MYL11,F143C,0.633
Q96A32,MYL11,F143D,0.555
Q96A32,MYL11,F143L,0.739
Q96A32,MYL11,F143G,0.524
Q96A32,MYL11,F143H,0.628
Q96A32,MYL11,F143I,0.708
Q96A32,MYL11,F143E,0.518
Q96A32,MYL11,P144M,0.69
Q96A32,MYL11,P144W,0.554
Q96A32,MYL11,P144V,0.691
Q96A32,MYL11,P144T,0.758
Q96A32,MYL11,P144S,0.767
Q96A32,MYL11,P144R,0.696
Q96A32,MYL11,P144Q,0.764
Q96A32,MYL11,P144N,0.676
Q96A32,MYL11,P144Y,0.637
Q96A32,MYL11,P144L,0.702
Q96A32,MYL11,P144I,0.65
Q96A32,MYL11,P144K,0.706
Q96A32,MYL11,P144A,0.77
Q96A32,MYL11,P144C,0.603
Q96A32,MYL11,P144D,0.683
Q96A32,MYL11,P144F,0.596
Q96A32,MYL11,P144G,0.663
Q96A32,MYL11,P144H,0.706
Q96A32,MYL11,P144E,0.712
Q96A32,MYL11,P145Y,0.623
Q96A32,MYL11,P145W,0.546
Q96A32,MYL11,P145V,0.693
Q96A32,MYL11,P145T,0.722
Q96A32,MYL11,P145S,0.724
Q96A32,MYL11,P145R,0.647
Q96A32,MYL11,P145Q,0.72
Q96A32,MYL11,P145N,0.631
Q96A32,MYL11,P145M,0.691
Q96A32,MYL11,P145L,0.724
Q96A32,MYL11,P145I,0.66
Q96A32,MYL11,P145A,0.742
Q96A32,MYL11,P145C,0.596
Q96A32,MYL11,P145D,0.637
Q96A32,MYL11,P145K,0.646
Q96A32,MYL11,P145F,0.609
Q96A32,MYL11,P145G,0.63
Q96A32,MYL11,P145H,0.672
Q96A32,MYL11,P145E,0.665
Q96A32,MYL11,D146N,0.771
Q96A32,MYL11,D146W,0.484
Q96A32,MYL11,D146V,0.614
Q96A32,MYL11,D146T,0.658
Q96A32,MYL11,D146S,0.7
Q96A32,MYL11,D146R,0.578
Q96A32,MYL11,D146Q,0.678
Q96A32,MYL11,D146P,0.62
Q96A32,MYL11,D146M,0.597
Q96A32,MYL11,D146Y,0.62
Q96A32,MYL11,D146K,0.639
Q96A32,MYL11,D146A,0.654
Q96A32,MYL11,D146C,0.575
Q96A32,MYL11,D146E,0.801
Q96A32,MYL11,D146L,0.558
Q96A32,MYL11,D146G,0.706
Q96A32,MYL11,D146H,0.665
Q96A32,MYL11,D146I,0.592
Q96A32,MYL11,D146F,0.608
Q96A32,MYL11,V147M,0.829
Q96A32,MYL11,V147W,0.634
Q96A32,MYL11,V147T,0.806
Q96A32,MYL11,V147S,0.706
Q96A32,MYL11,V147R,0.677
Q96A32,MYL11,V147Q,0.699
Q96A32,MYL11,V147P,0.705
Q96A32,MYL11,V147N,0.678
Q96A32,MYL11,V147Y,0.714
Q96A32,MYL11,V147L,0.808
Q96A32,MYL11,V147I,0.898
Q96A32,MYL11,V147H,0.655
Q96A32,MYL11,V147G,0.697
Q96A32,MYL11,V147F,0.74
Q96A32,MYL11,V147E,0.744
Q96A32,MYL11,V147D,0.69
Q96A32,MYL11,V147C,0.69
Q96A32,MYL11,V147A,0.788
Q96A32,MYL11,V147K,0.71
Q96A32,MYL11,G148P,0.826
Q96A32,MYL11,G148Q,0.852
Q96A32,MYL11,G148R,0.884
Q96A32,MYL11,G148N,0.956
Q96A32,MYL11,G148T,0.864
Q96A32,MYL11,G148V,0.884
Q96A32,MYL11,G148W,0.865
Q96A32,MYL11,G148Y,0.806
Q96A32,MYL11,G148M,0.8
Q96A32,MYL11,G148S,0.976
Q96A32,MYL11,G148K,0.846
Q96A32,MYL11,G148A,0.964
Q96A32,MYL11,G148C,0.891
Q96A32,MYL11,G148D,0.926
Q96A32,MYL11,G148L,0.788
Q96A32,MYL11,G148F,0.843
Q96A32,MYL11,G148H,0.853
Q96A32,MYL11,G148I,0.814
Q96A32,MYL11,G148E,0.885
Q96A32,MYL11,G149P,0.45
Q96A32,MYL11,G149Y,0.428
Q96A32,MYL11,G149W,0.518
Q96A32,MYL11,G149V,0.57
Q96A32,MYL11,G149T,0.531
Q96A32,MYL11,G149S,0.673
Q96A32,MYL11,G149R,0.529
Q96A32,MYL11,G149Q,0.481
Q96A32,MYL11,G149N,0.586
Q96A32,MYL11,G149M,0.54
Q96A32,MYL11,G149L,0.488
Q96A32,MYL11,G149C,0.599
Q96A32,MYL11,G149D,0.534
Q96A32,MYL11,G149E,0.533
Q96A32,MYL11,G149A,0.732
Q96A32,MYL11,G149H,0.46
Q96A32,MYL11,G149I,0.509
Q96A32,MYL11,G149K,0.461
Q96A32,MYL11,G149F,0.492
Q96A32,MYL11,N150M,0.615
Q96A32,MYL11,N150W,0.463
Q96A32,MYL11,N150V,0.566
Q96A32,MYL11,N150T,0.676
Q96A32,MYL11,N150S,0.73
Q96A32,MYL11,N150R,0.6
Q96A32,MYL11,N150Q,0.602
Q96A32,MYL11,N150P,0.49
Q96A32,MYL11,N150L,0.547
Q96A32,MYL11,N150Y,0.58
Q96A32,MYL11,N150I,0.592
Q96A32,MYL11,N150A,0.57
Q96A32,MYL11,N150C,0.6
Q96A32,MYL11,N150D,0.684
Q96A32,MYL11,N150K,0.64
Q96A32,MYL11,N150F,0.524
Q96A32,MYL11,N150G,0.619
Q96A32,MYL11,N150H,0.725
Q96A32,MYL11,N150E,0.583
Q96A32,MYL11,V151M,0.816
Q96A32,MYL11,V151W,0.548
Q96A32,MYL11,V151T,0.69
Q96A32,MYL11,V151S,0.565
Q96A32,MYL11,V151R,0.486
Q96A32,MYL11,V151Q,0.558
Q96A32,MYL11,V151P,0.524
Q96A32,MYL11,V151N,0.504
Q96A32,MYL11,V151L,0.81
Q96A32,MYL11,V151Y,0.618
Q96A32,MYL11,V151I,0.895
Q96A32,MYL11,V151A,0.738
Q96A32,MYL11,V151C,0.706
Q96A32,MYL11,V151D,0.484
Q96A32,MYL11,V151K,0.514
Q96A32,MYL11,V151F,0.7
Q96A32,MYL11,V151G,0.556
Q96A32,MYL11,V151H,0.51
Q96A32,MYL11,V151E,0.545
Q96A32,MYL11,D152N,0.792
Q96A32,MYL11,D152W,0.528
Q96A32,MYL11,D152V,0.641
Q96A32,MYL11,D152T,0.678
Q96A32,MYL11,D152S,0.718
Q96A32,MYL11,D152R,0.596
Q96A32,MYL11,D152Q,0.7
Q96A32,MYL11,D152P,0.638
Q96A32,MYL11,D152Y,0.656
Q96A32,MYL11,D152M,0.624
Q96A32,MYL11,D152K,0.652
Q96A32,MYL11,D152I,0.624
Q96A32,MYL11,D152H,0.686
Q96A32,MYL11,D152G,0.723
Q96A32,MYL11,D152F,0.641
Q96A32,MYL11,D152E,0.827
Q96A32,MYL11,D152C,0.598
Q96A32,MYL11,D152A,0.674
Q96A32,MYL11,D152L,0.592
Q96A32,MYL11,Y153N,0.378
Q96A32,MYL11,Y153P,0.228
Q96A32,MYL11,Y153Q,0.422
Q96A32,MYL11,Y153M,0.5
Q96A32,MYL11,Y153S,0.364
Q96A32,MYL11,Y153T,0.37
Q96A32,MYL11,Y153V,0.506
Q96A32,MYL11,Y153R,0.371
Q96A32,MYL11,Y153L,0.557
Q96A32,MYL11,Y153W,0.606
Q96A32,MYL11,Y153I,0.498
Q96A32,MYL11,Y153A,0.386
Q96A32,MYL11,Y153C,0.494
Q96A32,MYL11,Y153D,0.26
Q96A32,MYL11,Y153K,0.318
Q96A32,MYL11,Y153F,0.732
Q96A32,MYL11,Y153G,0.35
Q96A32,MYL11,Y153H,0.595
Q96A32,MYL11,Y153E,0.302
Q96A32,MYL11,K154W,0.675
Q96A32,MYL11,K154V,0.752
Q96A32,MYL11,K154T,0.797
Q96A32,MYL11,K154S,0.798
Q96A32,MYL11,K154R,0.909
Q96A32,MYL11,K154Q,0.86
Q96A32,MYL11,K154P,0.74
Q96A32,MYL11,K154N,0.834
Q96A32,MYL11,K154M,0.822
Q96A32,MYL11,K154Y,0.698
Q96A32,MYL11,K154I,0.735
Q96A32,MYL11,K154A,0.767
Q96A32,MYL11,K154C,0.66
Q96A32,MYL11,K154D,0.736
Q96A32,MYL11,K154L,0.753
Q96A32,MYL11,K154F,0.686
Q96A32,MYL11,K154G,0.718
Q96A32,MYL11,K154H,0.773
Q96A32,MYL11,K154E,0.848
Q96A32,MYL11,N155M,0.66
Q96A32,MYL11,N155W,0.541
Q96A32,MYL11,N155V,0.621
Q96A32,MYL11,N155T,0.756
Q96A32,MYL11,N155S,0.802
Q96A32,MYL11,N155R,0.7
Q96A32,MYL11,N155Q,0.713
Q96A32,MYL11,N155P,0.605
Q96A32,MYL11,N155Y,0.664
Q96A32,MYL11,N155L,0.61
Q96A32,MYL11,N155I,0.644
Q96A32,MYL11,N155K,0.728
Q96A32,MYL11,N155A,0.661
Q96A32,MYL11,N155C,0.628
Q96A32,MYL11,N155D,0.772
Q96A32,MYL11,N155F,0.634
Q96A32,MYL11,N155G,0.729
Q96A32,MYL11,N155H,0.786
Q96A32,MYL11,N155E,0.678
Q96A32,MYL11,I156Y,0.55
Q96A32,MYL11,I156W,0.526
Q96A32,MYL11,I156V,0.868
Q96A32,MYL11,I156T,0.635
Q96A32,MYL11,I156S,0.514
Q96A32,MYL11,I156R,0.482
Q96A32,MYL11,I156Q,0.456
Q96A32,MYL11,I156P,0.393
Q96A32,MYL11,I156N,0.452
Q96A32,MYL11,I156M,0.791
Q96A32,MYL11,I156K,0.489
Q96A32,MYL11,I156A,0.638
Q96A32,MYL11,I156C,0.681
Q96A32,MYL11,I156D,0.366
Q96A32,MYL11,I156L,0.818
Q96A32,MYL11,I156F,0.692
Q96A32,MYL11,I156G,0.39
Q96A32,MYL11,I156H,0.524
Q96A32,MYL11,I156E,0.377
Q96A32,MYL11,C157N,0.401
Q96A32,MYL11,C157W,0.481
Q96A32,MYL11,C157V,0.585
Q96A32,MYL11,C157T,0.514
Q96A32,MYL11,C157S,0.543
Q96A32,MYL11,C157R,0.403
Q96A32,MYL11,C157Q,0.388
Q96A32,MYL11,C157P,0.305
Q96A32,MYL11,C157M,0.599
Q96A32,MYL11,C157Y,0.49
Q96A32,MYL11,C157K,0.32
Q96A32,MYL11,C157A,0.589
Q96A32,MYL11,C157D,0.368
Q96A32,MYL11,C157E,0.262
Q96A32,MYL11,C157L,0.584
Q96A32,MYL11,C157G,0.444
Q96A32,MYL11,C157H,0.424
Q96A32,MYL11,C157I,0.555
Q96A32,MYL11,C157F,0.54
Q96A32,MYL11,Y158M,0.653
Q96A32,MYL11,Y158V,0.655
Q96A32,MYL11,Y158T,0.58
Q96A32,MYL11,Y158S,0.59
Q96A32,MYL11,Y158R,0.613
Q96A32,MYL11,Y158Q,0.64
Q96A32,MYL11,Y158P,0.475
Q96A32,MYL11,Y158N,0.615
Q96A32,MYL11,Y158W,0.767
Q96A32,MYL11,Y158L,0.682
Q96A32,MYL11,Y158I,0.647
Q96A32,MYL11,Y158H,0.792
Q96A32,MYL11,Y158G,0.556
Q96A32,MYL11,Y158F,0.862
Q96A32,MYL11,Y158E,0.544
Q96A32,MYL11,Y158D,0.524
Q96A32,MYL11,Y158C,0.68
Q96A32,MYL11,Y158A,0.577
Q96A32,MYL11,Y158K,0.56
Q96A32,MYL11,V159P,0.522
Q96A32,MYL11,V159Q,0.559
Q96A32,MYL11,V159Y,0.615
Q96A32,MYL11,V159N,0.52
Q96A32,MYL11,V159S,0.56
Q96A32,MYL11,V159T,0.669
Q96A32,MYL11,V159W,0.555
Q96A32,MYL11,V159R,0.508
Q96A32,MYL11,V159M,0.78
Q96A32,MYL11,V159F,0.69
Q96A32,MYL11,V159K,0.524
Q96A32,MYL11,V159A,0.712
Q96A32,MYL11,V159C,0.674
Q96A32,MYL11,V159D,0.504
Q96A32,MYL11,V159L,0.772
Q96A32,MYL11,V159G,0.551
Q96A32,MYL11,V159H,0.528
Q96A32,MYL11,V159I,0.856
Q96A32,MYL11,V159E,0.55
Q96A32,MYL11,I160P,0.574
Q96A32,MYL11,I160Y,0.692
Q96A32,MYL11,I160W,0.614
Q96A32,MYL11,I160V,0.904
Q96A32,MYL11,I160T,0.714
Q96A32,MYL11,I160S,0.63
Q96A32,MYL11,I160R,0.587
Q96A32,MYL11,I160Q,0.568
Q96A32,MYL11,I160N,0.611
Q96A32,MYL11,I160M,0.822
Q96A32,MYL11,I160L,0.861
Q96A32,MYL11,I160C,0.69
Q96A32,MYL11,I160D,0.546
Q96A32,MYL11,I160E,0.562
Q96A32,MYL11,I160A,0.682
Q96A32,MYL11,I160G,0.536
Q96A32,MYL11,I160H,0.584
Q96A32,MYL11,I160K,0.576
Q96A32,MYL11,I160F,0.772
Q96A32,MYL11,T161M,0.737
Q96A32,MYL11,T161W,0.518
Q96A32,MYL11,T161V,0.732
Q96A32,MYL11,T161S,0.752
Q96A32,MYL11,T161R,0.646
Q96A32,MYL11,T161Q,0.628
Q96A32,MYL11,T161P,0.666
Q96A32,MYL11,T161N,0.716
Q96A32,MYL11,T161L,0.676
Q96A32,MYL11,T161Y,0.61
Q96A32,MYL11,T161I,0.734
Q96A32,MYL11,T161A,0.736
Q96A32,MYL11,T161C,0.656
Q96A32,MYL11,T161D,0.572
Q96A32,MYL11,T161K,0.658
Q96A32,MYL11,T161F,0.62
Q96A32,MYL11,T161G,0.61
Q96A32,MYL11,T161H,0.615
Q96A32,MYL11,T161E,0.594
Q96A32,MYL11,H162N,0.787
Q96A32,MYL11,H162W,0.678
Q96A32,MYL11,H162V,0.621
Q96A32,MYL11,H162T,0.657
Q96A32,MYL11,H162S,0.68
Q96A32,MYL11,H162R,0.776
Q96A32,MYL11,H162Q,0.764
Q96A32,MYL11,H162P,0.671
Q96A32,MYL11,H162M,0.682
Q96A32,MYL11,H162Y,0.814
Q96A32,MYL11,H162K,0.696
Q96A32,MYL11,H162A,0.636
Q96A32,MYL11,H162C,0.674
Q96A32,MYL11,H162D,0.706
Q96A32,MYL11,H162L,0.676
Q96A32,MYL11,H162F,0.719
Q96A32,MYL11,H162G,0.64
Q96A32,MYL11,H162I,0.642
Q96A32,MYL11,H162E,0.697
Q96A32,MYL11,G163N,0.8
Q96A32,MYL11,G163W,0.72
Q96A32,MYL11,G163V,0.754
Q96A32,MYL11,G163T,0.732
Q96A32,MYL11,G163S,0.847
Q96A32,MYL11,G163R,0.77
Q96A32,MYL11,G163Q,0.713
Q96A32,MYL11,G163P,0.671
Q96A32,MYL11,G163Y,0.652
Q96A32,MYL11,G163M,0.665
Q96A32,MYL11,G163K,0.709
Q96A32,MYL11,G163I,0.667
Q96A32,MYL11,G163H,0.699
Q96A32,MYL11,G163F,0.693
Q96A32,MYL11,G163E,0.766
Q96A32,MYL11,G163D,0.782
Q96A32,MYL11,G163C,0.758
Q96A32,MYL11,G163A,0.841
Q96A32,MYL11,G163L,0.637
Q96A32,MYL11,D164P,0.781
Q96A32,MYL11,D164Q,0.854
Q96A32,MYL11,D164R,0.766
Q96A32,MYL11,D164N,0.964
Q96A32,MYL11,D164T,0.836
Q96A32,MYL11,D164V,0.79
Q96A32,MYL11,D164W,0.675
Q96A32,MYL11,D164Y,0.806
Q96A32,MYL11,D164M,0.772
Q96A32,MYL11,D164S,0.87
Q96A32,MYL11,D164K,0.823
Q96A32,MYL11,D164A,0.84
Q96A32,MYL11,D164C,0.752
Q96A32,MYL11,D164E,0.99
Q96A32,MYL11,D164L,0.727
Q96A32,MYL11,D164G,0.888
Q96A32,MYL11,D164H,0.85
Q96A32,MYL11,D164I,0.766
Q96A32,MYL11,D164F,0.776
Q96A32,MYL11,A165N,0.829
Q96A32,MYL11,A165W,0.73
Q96A32,MYL11,A165V,0.94
Q96A32,MYL11,A165T,0.954
Q96A32,MYL11,A165S,0.964
Q96A32,MYL11,A165R,0.796
Q96A32,MYL11,A165Q,0.828
Q96A32,MYL11,A165P,0.874
Q96A32,MYL11,A165M,0.88
Q96A32,MYL11,A165Y,0.804
Q96A32,MYL11,A165K,0.813
Q96A32,MYL11,A165C,0.893
Q96A32,MYL11,A165D,0.825
Q96A32,MYL11,A165E,0.861
Q96A32,MYL11,A165L,0.838
Q96A32,MYL11,A165G,0.913
Q96A32,MYL11,A165H,0.784
Q96A32,MYL11,A165I,0.866
Q96A32,MYL11,A165F,0.798
Q96A32,MYL11,K166N,0.799
Q96A32,MYL11,K166W,0.692
Q96A32,MYL11,K166V,0.706
Q96A32,MYL11,K166T,0.763
Q96A32,MYL11,K166S,0.738
Q96A32,MYL11,K166R,0.871
Q96A32,MYL11,K166Q,0.825
Q96A32,MYL11,K166P,0.68
Q96A32,MYL11,K166Y,0.667
Q96A32,MYL11,K166M,0.776
Q96A32,MYL11,K166I,0.704
Q96A32,MYL11,K166H,0.741
Q96A32,MYL11,K166G,0.663
Q96A32,MYL11,K166F,0.634
Q96A32,MYL11,K166E,0.804
Q96A32,MYL11,K166D,0.692
Q96A32,MYL11,K166C,0.651
Q96A32,MYL11,K166A,0.715
Q96A32,MYL11,K166L,0.696
Q96A32,MYL11,D167Q,0.821
Q96A32,MYL11,D167R,0.734
Q96A32,MYL11,D167Y,0.807
Q96A32,MYL11,D167P,0.729
Q96A32,MYL11,D167T,0.79
Q96A32,MYL11,D167V,0.762
Q96A32,MYL11,D167W,0.653
Q96A32,MYL11,D167S,0.825
Q96A32,MYL11,D167N,0.916
Q96A32,MYL11,D167G,0.834
Q96A32,MYL11,D167L,0.686
Q96A32,MYL11,D167K,0.786
Q96A32,MYL11,D167I,0.744
Q96A32,MYL11,D167H,0.836
Q96A32,MYL11,D167F,0.752
Q96A32,MYL11,D167E,0.939
Q96A32,MYL11,D167C,0.744
Q96A32,MYL11,D167A,0.803
Q96A32,MYL11,D167M,0.731
Q96A32,MYL11,Q168N,0.915
Q96A32,MYL11,Q168P,0.918
Q96A32,MYL11,Q168R,1.015
Q96A32,MYL11,Q168Y,0.888
Q96A32,MYL11,Q168V,0.847
Q96A32,MYL11,Q168W,0.889
Q96A32,MYL11,Q168M,0.957
Q96A32,MYL11,Q168T,0.893
Q96A32,MYL11,Q168L,0.903
Q96A32,MYL11,Q168S,0.888
Q96A32,MYL11,Q168I,0.829
Q96A32,MYL11,Q168H,1.0
Q96A32,MYL11,Q168G,0.82
Q96A32,MYL11,Q168F,0.8
Q96A32,MYL11,Q168E,1.012
Q96A32,MYL11,Q168D,0.873
Q96A32,MYL11,Q168C,0.836
Q96A32,MYL11,Q168A,0.878
Q96A32,MYL11,Q168K,0.987
Q96A32,MYL11,E169P,0.802
Q96A32,MYL11,E169Q,1.03
Q96A32,MYL11,E169V,0.852
Q96A32,MYL11,E169S,0.848
Q96A32,MYL11,E169T,0.838
Q96A32,MYL11,E169N,0.879
Q96A32,MYL11,E169R,0.876
Q96A32,MYL11,E169M,0.823
Q96A32,MYL11,E169G,0.848
Q96A32,MYL11,E169K,0.97
Q96A32,MYL11,E169I,0.796
Q96A32,MYL11,E169H,0.875
Q96A32,MYL11,E169F,0.719
Q96A32,MYL11,E169D,1.038
Q96A32,MYL11,E169C,0.699
Q96A32,MYL11,E169A,0.892
Q96A32,MYL11,E169W,0.715
Q96A32,MYL11,E169L,0.758
Q96A32,MYL11,E169Y,0.79
