native_aa,accessibility_native_aa,mutated_aa,feature1,feature2,e_b_status,laar,first,second
A,0,C,-0.2545453558735365,-0.42990226034781376,exposed,-0.2545453558735365,A,C
A,0,D,0.36770612737044656,0.19234922289616926,exposed,0.36770612737044656,A,D
A,0,E,0.36780126641735855,0.1924443619430811,exposed,0.36780126641735855,A,E
A,0,F,0.014918127661098797,-0.1604387768131787,exposed,0.014918127661098797,A,F
A,0,G,-0.030021091181445726,-0.2053779956557232,exposed,-0.030021091181445726,A,G
A,0,H,0.17843979422959394,0.0030828897553165885,exposed,0.17843979422959394,A,H
A,0,I,-0.07633339098413877,-0.2516902954584162,exposed,-0.07633339098413877,A,I
A,0,K,0.3576067938832805,0.1822498894090031,exposed,0.3576067938832805,A,K
A,0,L,-0.050502285512383616,-0.22585918998666096,exposed,-0.050502285512383616,A,L
A,0,M,0.019075797166276564,-0.1562811073080007,exposed,0.019075797166276564,A,M
A,0,N,0.3003549853830961,0.12499808090881875,exposed,0.3003549853830961,A,N
A,0,P,0.4019074159615565,0.2265505114872792,exposed,0.4019074159615565,A,P
A,0,Q,0.30815153120003186,0.13279462672575448,exposed,0.30815153120003186,A,Q
A,0,R,0.2622504297136133,0.08689352523933598,exposed,0.2622504297136133,A,R
A,0,S,0.08910702327303703,-0.08624988120124039,exposed,0.08910702327303703,A,S
A,0,T,0.15236275080199116,-0.02299415367228629,exposed,0.15236275080199116,A,T
A,0,V,0.03959486718183602,-0.13576203729244127,exposed,0.03959486718183602,A,V
A,0,W,0.3849089254322239,0.20955202095794645,exposed,0.3849089254322239,A,W
A,0,Y,0.13843744786163026,-0.036919456612647165,exposed,0.13843744786163026,A,Y
A,1,C,0.26023886543109764,0.5526168279228927,buried,0.26023886543109764,A,C
A,1,D,-0.8862646794850478,-0.5938867169932526,buried,-0.8862646794850478,A,D
A,1,E,-0.8867057537946648,-0.5943277913028696,buried,-0.8867057537946648,A,E
A,1,F,-0.020079580583343363,0.272298381908452,buried,-0.020079580583343363,A,F
A,1,G,0.03837150267474513,0.3307494651665405,buried,0.03837150267474513,A,G
A,1,H,-0.2989186851710805,-0.006540722679285086,buried,-0.2989186851710805,A,H
A,1,I,0.09276598219097698,0.3851439446827724,buried,0.09276598219097698,A,I
A,1,K,-0.8407432696997823,-0.548365307207987,buried,-0.8407432696997823,A,K
A,1,L,0.06310440531839523,0.35548236781019044,buried,0.06310440531839523,A,L
A,1,M,-0.02580277539418081,0.2665751870976148,buried,-0.02580277539418081,A,M
A,1,N,-0.6224531047987981,-0.33007514230700297,buried,-0.6224531047987981,A,N
A,1,P,-1.0621192939491757,-0.7697413314573802,buried,-1.0621192939491757,A,P
A,1,Q,-0.6488486008196996,-0.3564706383279044,buried,-0.6488486008196996,A,Q
A,1,R,-0.5051722349521304,-0.21279427246033467,buried,-0.5051722349521304,A,R
A,1,S,-0.13155344524742635,0.1608245172443689,buried,-0.13155344524742635,A,S
A,1,T,-0.2454974090248107,0.0468805534669847,buried,-0.2454974090248107,A,T
A,1,V,-0.05490046867734322,0.2374774938144519,buried,-0.05490046867734322,A,V
A,1,W,-0.9701054215795666,-0.6777274590877714,buried,-0.9701054215795666,A,W
A,1,Y,-0.2186334370245573,0.07374452546723806,buried,-0.2186334370245573,A,Y
C,0,A,-0.38922337293958026,-0.51325458497006,exposed,-0.38922337293958026,C,A
C,0,D,-0.6998630854410682,-0.8238942974715476,exposed,-0.6998630854410682,C,D
C,0,E,0.9321796498973822,0.8081484378669027,exposed,0.9321796498973822,C,E
C,0,F,0.4874752324611693,0.36344402043068974,exposed,0.4874752324611693,C,F
C,0,G,0.4685304923552154,0.3444992803247359,exposed,0.4685304923552154,C,G
C,0,H,0.5017929877477203,0.3777617757172408,exposed,0.5017929877477203,C,H
C,0,I,0.10845245776250634,-0.015578754267973184,exposed,0.10845245776250634,C,I
C,0,K,0.8030287358525549,0.6789975238220755,exposed,0.8030287358525549,C,K
C,0,L,0.035888449750161706,-0.08814276228031766,exposed,0.035888449750161706,C,L
C,0,M,-1.6444263016666552,-1.7684575136971343,exposed,-1.6444263016666552,C,M
C,0,N,0.0001813836859417141,-0.12384982834453785,exposed,0.0001813836859417141,C,N
C,0,P,1.0678135669584727,0.9437823549279932,exposed,1.0678135669584727,C,P
C,0,Q,0.3821652778504008,0.2581340658199213,exposed,0.3821652778504008,C,Q
C,0,R,0.8019809150958771,0.6779497030653974,exposed,0.8019809150958771,C,R
C,0,S,0.0034393309259553037,-0.12059188110452418,exposed,0.0034393309259553037,C,S
C,0,T,0.15371000479143054,0.029678792760951117,exposed,0.15371000479143054,C,T
C,0,V,-0.4200021277604047,-0.544033339790884,exposed,-0.4200021277604047,C,V
C,0,W,0.7223875299740462,0.5983563179435665,exposed,0.7223875299740462,C,W
C,0,Y,0.7402818197249377,0.6162506076944583,exposed,0.7402818197249377,C,Y
C,1,A,0.12496800887413533,0.18102873661409133,buried,0.12496800887413533,C,A
C,1,D,0.18880903516717634,0.2448697629071321,buried,0.18880903516717634,C,D
C,1,E,-1.0100969411685028,-0.9540362134285472,buried,-1.0100969411685028,C,E
C,1,F,-0.30023646927757275,-0.2441757415376169,buried,-0.30023646927757275,C,F
C,1,G,-0.2833473343332324,-0.2272866065932765,buried,-0.2833473343332324,C,G
C,1,H,-0.3134112709113807,-0.2573505431714251,buried,-0.3134112709113807,C,H
C,1,I,-0.04844847943104536,0.007612248308910601,buried,-0.04844847943104536,C,I
C,1,K,-0.7108233670380895,-0.6547626392981337,buried,-0.7108233670380895,C,K
C,1,L,-0.015200837791118143,0.040859889948837685,buried,-0.015200837791118143,C,L
C,1,M,0.2875256590589281,0.343586386798884,buried,0.2875256590589281,C,M
C,1,N,-7.48951468294854e-05,0.05598583259312638,buried,-7.48951468294854e-05,C,N
C,1,P,-1.5518735677997777,-1.4958128400598214,buried,-1.5518735677997777,C,P
C,1,Q,-0.21339883686091093,-0.1573381091209553,buried,-0.21339883686091093,C,Q
C,1,R,-0.7088605012630907,-0.6527997735231349,buried,-0.7088605012630907,C,R
C,1,S,-0.0014234095511571007,0.054637318188798537,buried,-0.0014234095511571007,C,S
C,1,T,-0.07106356256253556,-0.015002834822579884,buried,-0.07106356256253556,C,T
C,1,V,0.1324231200999171,0.1884838478398728,buried,0.1324231200999171,C,V
C,1,W,-0.5751113323627134,-0.5190506046227574,buried,-0.5751113323627134,C,W
C,1,Y,-0.6027740852697255,-0.5467133575297698,buried,-0.6027740852697255,C,Y
D,0,A,0.1402194487048214,-0.015355783120737009,exposed,0.1402194487048214,D,A
D,0,C,-0.25481156407521144,-0.4103867959007698,exposed,-0.25481156407521144,D,C
D,0,E,0.1641330082238032,0.008557776398244753,exposed,0.1641330082238032,D,E
D,0,F,0.05758459563924598,-0.09799063618631244,exposed,0.05758459563924598,D,F
D,0,G,0.2502097710703673,0.09463453924480908,exposed,0.2502097710703673,D,G
D,0,H,-0.0733249775404987,-0.2289002093660573,exposed,-0.0733249775404987,D,H
D,0,I,-0.00782713523789425,-0.16340236706345276,exposed,-0.00782713523789425,D,I
D,0,K,0.22580827208055285,0.07023304025499448,exposed,0.22580827208055285,D,K
D,0,L,0.10017017679623767,-0.0554050550293209,exposed,0.10017017679623767,D,L
D,0,M,0.18849362399618624,0.03291839217062751,exposed,0.18849362399618624,D,M
D,0,N,0.09783957579725244,-0.0577356560283063,exposed,0.09783957579725244,D,N
D,0,P,0.3217465305655169,0.1661712987399586,exposed,0.3217465305655169,D,P
D,0,Q,0.09754348114713864,-0.05803175067842,exposed,0.09754348114713864,D,Q
D,0,R,0.18347321874459785,0.02789798691903945,exposed,0.18347321874459785,D,R
D,0,S,0.19769748814825586,0.04212225632269706,exposed,0.19769748814825586,D,S
D,0,T,0.16545736337720346,0.009882131551644949,exposed,0.16545736337720346,D,T
D,0,V,0.03167536101801936,-0.1238998708075392,exposed,0.03167536101801936,D,V
D,0,W,-0.035019315686986165,-0.19059454751254468,exposed,-0.035019315686986165,D,W
D,0,Y,0.08640585655634682,-0.06916937526921188,exposed,0.08640585655634682,D,Y
D,1,A,-0.4412741858655727,0.06785698282211843,buried,-0.4412741858655727,D,A
D,1,C,0.4273285372599872,0.9364597059476779,buried,0.4273285372599872,D,C
D,1,E,-0.5495362436452851,-0.04040507495759402,buried,-0.5495362436452851,D,E
D,1,F,-0.1513995856304578,0.3577315830572332,buried,-0.1513995856304578,D,F
D,1,G,-1.1203903002869335,-0.6112591315992425,buried,-1.1203903002869335,D,G
D,1,H,0.1549323887281846,0.6640635574158757,buried,0.1549323887281846,D,H
D,1,I,0.018311113685778403,0.5274422823734696,buried,0.018311113685778403,D,I
D,1,K,-0.9174567215936972,-0.4083255529060059,buried,-0.9174567215936972,D,K
D,1,L,-0.2873172985749349,0.22181387011275613,buried,-0.2873172985749349,D,L
D,1,M,-0.6766006002209335,-0.16746943153324248,buried,-0.6766006002209335,D,M
D,1,N,-0.279221138262192,0.2299100304254988,buried,-0.279221138262192,D,N
D,1,P,-2.298493724634453,-1.7893625559467614,buried,-2.298493724634453,D,P
D,1,Q,-0.2781985699855207,0.2309325987021704,buried,-0.2781985699855207,D,Q
D,1,R,-0.6487973193606525,-0.13966615067296154,buried,-0.6487973193606525,D,R
D,1,S,-0.7300601860797777,-0.22092901739208687,buried,-0.7300601860797777,D,S
D,1,T,-0.5559693927297998,-0.046838224042108766,buried,-0.5559693927297998,D,T
D,1,V,-0.07934628180279688,0.4297848868848941,buried,-0.07934628180279688,D,V
D,1,W,0.0784115646227704,0.5875427333104613,buried,0.0784115646227704,D,W
D,1,Y,-0.2406856854591288,0.2684454832285621,buried,-0.2406856854591288,D,Y
E,0,A,0.11490018081806465,-0.017508955001839275,exposed,0.11490018081806465,E,A
E,0,C,-0.01768729377412808,-0.15009642959403222,exposed,-0.01768729377412808,E,C
E,0,D,0.13704424655423714,0.004635110734332992,exposed,0.13704424655423714,E,D
E,0,F,0.1397318050300014,0.007322669210097326,exposed,0.1397318050300014,E,F
E,0,G,0.15675126408475107,0.02434212826484711,exposed,0.15675126408475107,E,G
E,0,H,0.127957247213125,-0.004451888606778949,exposed,0.127957247213125,E,H
E,0,I,0.1360190879243845,0.003609952104480601,exposed,0.1360190879243845,E,I
E,0,K,0.1555227374921779,0.02311360167227386,exposed,0.1555227374921779,E,K
E,0,L,0.14580375952975394,0.013394623709849908,exposed,0.14580375952975394,E,L
E,0,M,-0.017057364517459067,-0.14946650033736308,exposed,-0.017057364517459067,E,M
E,0,N,0.17430829200510786,0.041899156185204005,exposed,0.17430829200510786,E,N
E,0,P,0.253240952292895,0.12083181647299082,exposed,0.253240952292895,E,P
E,0,Q,0.05917646930265433,-0.07323266651724973,exposed,0.05917646930265433,E,Q
E,0,R,0.073160071444285,-0.05924906437561911,exposed,0.073160071444285,E,R
E,0,S,0.1687946462907916,0.03638551047088742,exposed,0.1687946462907916,E,S
E,0,T,0.1733374187720189,0.04092828295211471,exposed,0.1733374187720189,E,T
E,0,V,0.1338326457020006,0.0014235098820967627,exposed,0.1338326457020006,E,V
E,0,W,0.07948108134251566,-0.052928054477388194,exposed,0.07948108134251566,E,W
E,0,Y,-0.051478873994164696,-0.18388800981406864,exposed,-0.051478873994164696,E,Y
E,1,A,-0.4782162701095646,0.10511944433476388,buried,-0.4782162701095646,E,A
E,1,C,0.05328510356862577,0.6366208180129541,buried,0.05328510356862577,E,C
E,1,D,-0.6134544285297585,-0.03011871408543,buried,-0.6134544285297585,E,D
E,1,F,-0.6314089412802614,-0.0480732268359331,buried,-0.6314089412802614,E,F
E,1,G,-0.7545539200780301,-0.1712182056337018,buried,-0.7545539200780301,E,G
E,1,H,-0.5553629616143687,0.027972752829959674,buried,-0.5553629616143687,E,H
E,1,I,-0.6067023033460934,-0.023366588901765004,buried,-0.6067023033460934,E,I
E,1,K,-0.7450646668140571,-0.16172895236972867,buried,-0.7450646668140571,E,K
E,1,L,-0.6733882476598699,-0.09005253321554164,buried,-0.6733882476598699,E,L
E,1,M,0.05145107773761855,0.6347867921819468,buried,0.05145107773761855,E,M
E,1,N,-0.9025264622811304,-0.31919074783680224,buried,-0.9025264622811304,E,N
E,1,P,-2.299347190741412,-1.7160114762970833,buried,-2.299347190741412,E,P
E,1,Q,-0.21110512813653945,0.3722305863077891,buried,-0.21110512813653945,E,Q
E,1,R,-0.2704334122195742,0.3129023022247541,buried,-0.2704334122195742,E,R
E,1,S,-0.8533690509110674,-0.2700333364667391,buried,-0.8533690509110674,E,S
E,1,T,-0.8936734129839755,-0.31033769853964704,buried,-0.8936734129839755,E,T
E,1,V,-0.5924747058849293,-0.009138991440601034,buried,-0.5924747058849293,E,V
E,1,W,-0.29874177291167114,0.2845939415326572,buried,-0.29874177291167114,E,W
E,1,Y,0.1455184471817093,0.7288541616260378,buried,0.1455184471817093,E,Y
F,0,A,0.5924006721164403,0.3443029480250207,exposed,0.5924006721164403,F,A
F,0,C,-0.058110540140868874,-0.30620826423228875,exposed,-0.058110540140868874,F,C
F,0,D,0.9841702839902704,0.7360725598988509,exposed,0.9841702839902704,F,D
F,0,E,1.0071534531717337,0.7590557290803139,exposed,1.0071534531717337,F,E
F,0,G,0.5895784598593146,0.3414807357678946,exposed,0.5895784598593146,F,G
F,0,H,0.2166012920742914,-0.03149643201712836,exposed,0.2166012920742914,F,H
F,0,I,0.10561879181967733,-0.14247893227174238,exposed,0.10561879181967733,F,I
F,0,K,0.8023976864685051,0.5542999623770853,exposed,0.8023976864685051,F,K
F,0,L,0.10002292472764493,-0.14807479936377496,exposed,0.10002292472764493,F,L
F,0,M,-0.01139465685373421,-0.25949238094515403,exposed,-0.01139465685373421,F,M
F,0,N,0.4831833433552001,0.2350856192637804,exposed,0.4831833433552001,F,N
F,0,P,0.9768250764254236,0.7287273523340038,exposed,0.9768250764254236,F,P
F,0,Q,0.9026766001798624,0.6545788760884426,exposed,0.9026766001798624,F,Q
F,0,R,0.7575923631032129,0.509494639011793,exposed,0.7575923631032129,F,R
F,0,S,0.4198246217017678,0.1717268976103481,exposed,0.4198246217017678,F,S
F,0,T,0.6119281990437312,0.3638304749523115,exposed,0.6119281990437312,F,T
F,0,V,0.10590492630960938,-0.14219279778181038,exposed,0.10590492630960938,F,V
F,0,W,-0.2290975024380377,-0.4771952265294576,exposed,-0.2290975024380377,F,W
F,0,Y,0.15312658773369675,-0.09497113635772286,exposed,0.15312658773369675,F,Y
F,1,A,-0.4109037175187099,-0.2860448949959713,buried,-0.4109037175187099,F,A
F,1,C,0.023260312744451426,0.14811913526718984,buried,0.023260312744451426,F,C
F,1,D,-1.1988806286085014,-1.0740218060857627,buried,-1.1988806286085014,F,D
F,1,E,-1.2888004611156445,-1.1639416385929056,buried,-1.2888004611156445,F,E
F,1,G,-0.4077048922278828,-0.2828460697051441,buried,-0.4077048922278828,F,G
F,1,H,-0.10626588389234687,0.018592938630391888,buried,-0.10626588389234687,F,H
F,1,I,-0.04754894200442512,0.07730988051831356,buried,-0.04754894200442512,F,I
F,1,K,-0.7196812492949693,-0.5948224267722307,buried,-0.7196812492949693,F,K
F,1,L,-0.04484147320830192,0.0800173493144366,buried,-0.04484147320830192,F,L
F,1,M,0.0047117746537137075,0.12957059717645233,buried,0.0047117746537137075,F,M
F,1,N,-0.2996978575083715,-0.17483903498563275,buried,-0.2996978575083715,F,N
F,1,P,-1.1721712960479966,-1.047312473525258,buried,-1.1721712960479966,F,P
F,1,Q,-0.9446440876111786,-0.8197852650884399,buried,-0.9446440876111786,F,Q
F,1,R,-0.6393142931768119,-0.5144554706540733,buried,-0.6393142931768119,F,R
F,1,S,-0.2452203418376211,-0.12036151931488248,buried,-0.2452203418376211,F,S
F,1,T,-0.4335771358972612,-0.30871831337452244,buried,-0.4335771358972612,F,T
F,1,V,-0.04768798887512767,0.07717083364761082,buried,-0.04768798887512767,F,V
F,1,W,0.0819019838704793,0.2067608063932178,buried,0.0819019838704793,F,W
F,1,Y,-0.07147135153399851,0.05338747098874026,buried,-0.07147135153399851,F,Y
G,0,A,-0.2576002847372127,-0.3637404830204112,exposed,-0.2576002847372127,G,A
G,0,C,-0.21009781308218053,-0.31623801136537905,exposed,-0.21009781308218053,G,C
G,0,D,0.2949814249603476,0.1888412266771492,exposed,0.2949814249603476,G,D
G,0,E,0.19912438444933828,0.09298418616613996,exposed,0.19912438444933828,G,E
G,0,F,0.2663932845081671,0.16025308622496873,exposed,0.2663932845081671,G,F
G,0,H,0.299409782010911,0.1932695837277126,exposed,0.299409782010911,G,H
G,0,I,-0.04923392552403559,-0.15537412380723398,exposed,-0.04923392552403559,G,I
G,0,K,0.2450987065460096,0.13895850826281114,exposed,0.2450987065460096,G,K
G,0,L,-0.05344856192405403,-0.1595887602072524,exposed,-0.05344856192405403,G,L
G,0,M,-0.4709637440996123,-0.5771039423828108,exposed,-0.4709637440996123,G,M
G,0,N,0.2648932128147251,0.15875301453152652,exposed,0.2648932128147251,G,N
G,0,P,0.2672674457053537,0.16112724742215515,exposed,0.2672674457053537,G,P
G,0,Q,0.2275086123318717,0.12136841404867313,exposed,0.2275086123318717,G,Q
G,0,R,0.17540653669075199,0.06926633840755353,exposed,0.17540653669075199,G,R
G,0,S,0.10176627315242072,-0.0043739251307778095,exposed,0.10176627315242072,G,S
G,0,T,0.1353907445879204,0.02925054630472222,exposed,0.1353907445879204,G,T
G,0,V,0.05392640117897048,-0.05221379710422777,exposed,0.05392640117897048,G,V
G,0,W,0.17955850903594253,0.07341831075274408,exposed,0.17955850903594253,G,W
G,0,Y,0.3149199093428283,0.2087797110596299,exposed,0.3149199093428283,G,Y
G,1,A,0.3521851036359025,0.585589750675814,buried,0.3521851036359025,G,A
G,1,C,0.3017859062368571,0.5351905532767686,buried,0.3017859062368571,G,C
G,1,D,-1.015631254076948,-0.7822266070370364,buried,-1.015631254076948,G,D
G,1,E,-0.5269565531608679,-0.29355190612095616,buried,-0.5269565531608679,G,E
G,1,F,-0.8380740821095891,-0.6046694350696776,buried,-0.8380740821095891,G,F
G,1,H,-1.0467059328904094,-0.8133012858504979,buried,-1.0467059328904094,G,H
G,1,I,0.08554392512863446,0.3189485721685459,buried,0.08554392512863446,G,I
G,1,K,-0.7263587765780142,-0.4929541295381026,buried,-0.7263587765780142,G,K
G,1,L,0.09235338029255348,0.325758027332465,buried,0.09235338029255348,G,L
G,1,M,0.5295928992981961,0.7629975463381073,buried,0.5295928992981961,G,M
G,1,N,-0.8297005106141836,-0.596295863574272,buried,-0.8297005106141836,G,N
G,1,P,-0.8429921310110864,-0.6095874839711749,buried,-0.8429921310110864,G,P
G,1,Q,-0.6441970959063209,-0.4107924488664094,buried,-0.6441970959063209,G,Q
G,1,R,-0.4407207516253959,-0.2073161045854844,buried,-0.4407207516253959,G,R
G,1,S,-0.22207538001998625,0.011329267019925218,buried,-0.22207538001998625,G,S
G,1,T,-0.3140612899293194,-0.08065664288940806,buried,-0.3140612899293194,G,T
G,1,V,-0.10870118870401957,0.12470345833589196,buried,-0.10870118870401957,G,V
G,1,W,-0.4551467450622853,-0.2217420980223739,buried,-0.4551467450622853,G,W
G,1,Y,-1.1651010439386122,-0.9316963968987004,buried,-1.1651010439386122,G,Y
H,0,A,0.3252833930200747,0.056453186052828265,exposed,0.3252833930200747,H,A
H,0,C,0.3361944272724043,0.06736422030515789,exposed,0.3361944272724043,H,C
H,0,D,0.3895015795008547,0.12067137253360816,exposed,0.3895015795008547,H,D
H,0,E,0.25356795316260783,-0.015262253804638757,exposed,0.25356795316260783,H,E
H,0,F,-0.060631370977204224,-0.32946157794445097,exposed,-0.060631370977204224,H,F
H,0,G,0.4338835832663029,0.1650533762990563,exposed,0.4338835832663029,H,G
H,0,I,0.05003786388524288,-0.2187923430820036,exposed,0.05003786388524288,H,I
H,0,K,0.4367564523696145,0.16792624540236806,exposed,0.4367564523696145,H,K
H,0,L,0.12079603069841535,-0.14803417626883128,exposed,0.12079603069841535,H,L
H,0,M,0.30015082395996506,0.0313206169927184,exposed,0.30015082395996506,H,M
H,0,N,0.2452189926928133,-0.023611214274433315,exposed,0.2452189926928133,H,N
H,0,P,0.3806299114287761,0.11179970446152944,exposed,0.3806299114287761,H,P
H,0,Q,0.376615282441295,0.10778507547404842,exposed,0.376615282441295,H,Q
H,0,R,0.3946069871186736,0.12577678015142707,exposed,0.3946069871186736,H,R
H,0,S,0.3126324652258865,0.04380225825863989,exposed,0.3126324652258865,H,S
H,0,T,0.311017360890904,0.04218715392365733,exposed,0.311017360890904,H,T
H,0,V,0.163629766069437,-0.1052004408978096,exposed,0.163629766069437,H,V
H,0,W,0.2305984522785787,-0.03823175468866778,exposed,0.2305984522785787,H,W
H,0,Y,-0.1276809275752012,-0.3965111345424477,exposed,-0.1276809275752012,H,Y
H,1,A,-0.5170026421944739,-0.12559531229518234,buried,-0.5170026421944739,H,A
H,1,C,-0.5441142531843075,-0.1527069232850161,buried,-0.5441142531843075,H,C
H,1,D,-0.6933869891673912,-0.3019796592680996,buried,-0.6933869891673912,H,D
H,1,E,-0.3610900546679365,0.03031727523135492,buried,-0.3610900546679365,H,E
H,1,F,0.05994593209213162,0.4513532619914234,buried,0.05994593209213162,H,F
H,1,G,-0.8450702710414983,-0.4536629411422068,buried,-0.8450702710414983,H,G
H,1,I,-0.055389267975528386,0.3360180619237632,buried,-0.055389267975528386,H,I
H,1,K,-0.8559845269423375,-0.4645771970430459,buried,-0.8559845269423375,H,K
H,1,L,-0.14483088488852228,0.24657644501076925,buried,-0.14483088488852228,H,L
H,1,M,-0.4582517017379501,-0.06684437183865866,buried,-0.4582517017379501,H,M
H,1,N,-0.345075129355584,0.0463322005437076,buried,-0.345075129355584,H,N
H,1,P,-0.6663638726894371,-0.27495654279014564,buried,-0.6663638726894371,H,P
H,1,Q,-0.6544478498663425,-0.26304051996705113,buried,-0.6544478498663425,H,Q
H,1,R,-0.709387941837672,-0.31798061193838045,buried,-0.709387941837672,H,R
H,1,S,-0.4868135380323256,-0.0954062081330337,buried,-0.4868135380323256,H,S
H,1,T,-0.4830510814134966,-0.09164375151420534,buried,-0.4830510814134966,H,T
H,1,V,-0.20664360661562464,0.1847637232836669,buried,-0.20664360661562464,H,V
H,1,W,-0.3179424478331013,0.07346488206619019,buried,-0.3179424478331013,H,W
H,1,Y,0.11856046182904666,0.5099677917283384,buried,0.11856046182904666,H,Y
I,0,A,-0.014754361522536697,-0.04408161521603245,exposed,-0.014754361522536697,I,A
I,0,C,-0.15154190242900553,-0.18086915612250126,exposed,-0.15154190242900553,I,C
I,0,D,0.2181252420290178,0.1887979883355223,exposed,0.2181252420290178,I,D
I,0,E,0.2361204811480496,0.20679322745455364,exposed,0.2361204811480496,I,E
I,0,F,0.10598595246146708,0.07665869876797149,exposed,0.10598595246146708,I,F
I,0,G,0.2007479485137736,0.17142069482027786,exposed,0.2007479485137736,I,G
I,0,H,-0.014879893416187256,-0.04420714710968317,exposed,-0.014879893416187256,I,H
I,0,K,0.06942132564401285,0.04009407195051707,exposed,0.06942132564401285,I,K
I,0,L,0.019870307846272573,-0.009456945847223223,exposed,0.019870307846272573,I,L
I,0,M,-0.03768173460909393,-0.0670089883025895,exposed,-0.03768173460909393,I,M
I,0,N,0.22019764003334835,0.19087038633985265,exposed,0.22019764003334835,I,N
I,0,P,0.2396481991707865,0.21032094547729094,exposed,0.2396481991707865,I,P
I,0,Q,0.12954617438781327,0.1002189206943176,exposed,0.12954617438781327,I,Q
I,0,R,0.10513923993489896,0.07581198624140319,exposed,0.10513923993489896,I,R
I,0,S,0.14928408124073958,0.11995682754724375,exposed,0.14928408124073958,I,S
I,0,T,0.07681233967258216,0.04748508597908625,exposed,0.07681233967258216,I,T
I,0,V,-0.007712768846785864,-0.03704002254028164,exposed,-0.007712768846785864,I,V
I,0,W,0.042204242661734274,0.012876988968238485,exposed,0.042204242661734274,I,W
I,0,Y,0.18747094653079127,0.15814369283729554,exposed,0.18747094653079127,I,Y
I,1,A,0.0426635973350166,0.13540471874014598,buried,0.0426635973350166,I,A
I,1,C,0.349586424020052,0.4423275454251816,buried,0.349586424020052,I,C
I,1,D,-1.2923697910691505,-1.199628669664021,buried,-1.2923697910691505,I,D
I,1,E,-1.5730630095149247,-1.4803218881097957,buried,-1.5730630095149247,I,E
I,1,F,-0.4045701087060644,-0.3118289873009347,buried,-0.4045701087060644,I,F
I,1,G,-1.0835747576080244,-0.9908336362028948,buried,-1.0835747576080244,I,G
I,1,H,0.0430162507866662,0.13575737219179573,buried,0.0430162507866662,I,H
I,1,K,-0.2407202518530329,-0.14797913044790345,buried,-0.2407202518530329,I,K
I,1,L,-0.061583560883031935,0.031157560522097408,buried,-0.061583560883031935,I,L
I,1,M,0.10440922522773938,0.19715034663286868,buried,0.10440922522773938,I,M
I,1,N,-1.3207294354946535,-1.2279883140895242,buried,-1.3207294354946535,I,N
I,1,P,-1.6394287856215557,-1.546687664216426,buried,-1.6394287856215557,I,P
I,1,Q,-0.5303767403880839,-0.4376356189829543,buried,-0.5303767403880839,I,Q
I,1,R,-0.4003820931778626,-0.3076409717727332,buried,-0.4003820931778626,I,R
I,1,S,-0.6522847825192585,-0.5595436611141292,buried,-0.6522847825192585,I,S
I,1,T,-0.2712875909463593,-0.1785464695412299,buried,-0.2712875909463593,I,T
I,1,V,0.022607491829900312,0.11534861323503005,buried,0.022607491829900312,I,V
I,1,W,-0.13729653832439054,-0.0445554169192609,buried,-0.13729653832439054,I,W
I,1,Y,-0.9509824099885686,-0.8582412885834391,buried,-0.9509824099885686,I,Y
K,0,A,0.11683674174145413,0.029722635970983024,exposed,0.11683674174145413,K,A
K,0,C,-0.3720161590972681,-0.4591302648677393,exposed,-0.3720161590972681,K,C
K,0,D,0.18299874975719968,0.09588464398672844,exposed,0.18299874975719968,K,D
K,0,E,0.15633149092277354,0.06921738515230251,exposed,0.15633149092277354,K,E
K,0,F,0.0666271249442059,-0.02048698082626538,exposed,0.0666271249442059,K,F
K,0,G,0.19674985060330585,0.10963574483283484,exposed,0.19674985060330585,K,G
K,0,H,0.07649501320455593,-0.010619092565915108,exposed,0.07649501320455593,K,H
K,0,I,0.0367759490676342,-0.05033815670283711,exposed,0.0367759490676342,K,I
K,0,L,0.005219475745469625,-0.08189463002500155,exposed,0.005219475745469625,K,L
K,0,M,0.0780384378003282,-0.009075667970142993,exposed,0.0780384378003282,K,M
K,0,N,0.12486500697707748,0.03775090120660648,exposed,0.12486500697707748,K,N
K,0,P,0.2308813007519169,0.14376719498144558,exposed,0.2308813007519169,K,P
K,0,Q,0.04358017337541258,-0.04353393239505862,exposed,0.04358017337541258,K,Q
K,0,R,-0.009713807502942208,-0.09682791327341346,exposed,-0.009713807502942208,K,R
K,0,S,0.17621076532572535,0.08909665955525388,exposed,0.17621076532572535,K,S
K,0,T,0.09637735781305616,0.009263252042584864,exposed,0.09637735781305616,K,T
K,0,V,0.02526601179306431,-0.061848093977406836,exposed,0.02526601179306431,K,V
K,0,W,-0.3887622615386777,-0.4758763673091489,exposed,-0.3887622615386777,K,W
K,0,Y,-0.03414053747194098,-0.12125464324241207,exposed,-0.03414053747194098,K,Y
K,1,A,-0.5738844355159886,-0.18719566345303132,buried,-0.5738844355159886,K,A
K,1,C,0.7393370591256512,1.1260258311886082,buried,0.7393370591256512,K,C
K,1,D,-1.2293930588830964,-0.8427042868201393,buried,-1.2293930588830964,K,D
K,1,E,-0.9068247707517492,-0.520135998688792,buried,-0.9068247707517492,K,E
K,1,F,-0.2780568629812402,0.10863190908171697,buried,-0.2780568629812402,K,F
K,1,G,-1.4529077221229525,-1.066218950059995,buried,-1.4529077221229525,K,G
K,1,H,-0.3286338200662718,0.05805495199668525,buried,-0.3286338200662718,K,H
K,1,I,-0.14154726241560794,0.24514150964734915,buried,-0.14154726241560794,K,I
K,1,L,-0.01861010622537021,0.3680786658375869,buried,-0.01861010622537021,K,L
K,1,M,-0.3368278422590041,0.0498609298039529,buried,-0.3368278422590041,K,M
K,1,N,-0.6322156055808302,-0.24552683351787305,buried,-0.6322156055808302,K,N
K,1,P,-2.465607270823183,-2.0789184987602254,buried,-2.465607270823183,K,P
K,1,Q,-0.17071980734250358,0.21596896472045346,buried,-0.17071980734250358,K,Q
K,1,R,0.03349207678669372,0.4201808488496507,buried,0.03349207678669372,K,R
K,1,S,-1.136028247615982,-0.7493394755530249,buried,-1.136028247615982,K,S
K,1,T,-0.4407884075914848,-0.054099635528527694,buried,-0.4407884075914848,K,T
K,1,V,-0.09448058733276417,0.29220818473019283,buried,-0.09448058733276417,K,V
K,1,W,0.7584106616977933,1.1450994337607503,buried,0.7584106616977933,K,W
K,1,Y,0.11177226504535706,0.4984610371083143,buried,0.11177226504535706,K,Y
L,0,A,0.3124619544954041,0.08036163830656969,exposed,0.3124619544954041,L,A
L,0,C,-0.2110162415210022,-0.4431165577098367,exposed,-0.2110162415210022,L,C
L,0,D,0.6837245083555156,0.4516241921666814,exposed,0.6837245083555156,L,D
L,0,E,0.6662024993632013,0.4341021831743669,exposed,0.6662024993632013,L,E
L,0,F,0.1067626504368495,-0.125337665751985,exposed,0.1067626504368495,L,F
L,0,G,0.4622470584418034,0.2301467422529689,exposed,0.4622470584418034,L,G
L,0,H,0.6289380370018752,0.396837720813041,exposed,0.6289380370018752,L,H
L,0,I,0.014171303123080762,-0.21792901306575352,exposed,0.014171303123080762,L,I
L,0,K,0.4417920220504253,0.20969170586159092,exposed,0.4417920220504253,L,K
L,0,M,0.08261964395480062,-0.1494806722340334,exposed,0.08261964395480062,L,M
L,0,N,0.3978166038908789,0.1657162877020447,exposed,0.3978166038908789,L,N
L,0,P,0.7612840024898729,0.5291836863010385,exposed,0.7612840024898729,L,P
L,0,Q,0.5712874310580303,0.33918711486919595,exposed,0.5712874310580303,L,Q
L,0,R,0.5093198780769389,0.2772195618881045,exposed,0.5093198780769389,L,R
L,0,S,0.5419080924777636,0.30980777628892925,exposed,0.5419080924777636,L,S
L,0,T,0.3904984247164634,0.15839810852762906,exposed,0.3904984247164634,L,T
L,0,V,0.0709528783722232,-0.16114743781661126,exposed,0.0709528783722232,L,V
L,0,W,0.09899218691018603,-0.13310812927864832,exposed,0.09899218691018603,L,W
L,0,Y,0.3214020944524646,0.08930177826363016,exposed,0.3214020944524646,L,Y
L,1,A,-0.26186400543005184,-0.08262598037691829,buried,-0.26186400543005184,L,A
L,1,C,0.11287529505714525,0.29211332011027885,buried,0.11287529505714525,L,C
L,1,D,-0.9579856918288042,-0.7787476667756705,buried,-0.9579856918288042,L,D
L,1,E,-0.9031763654871594,-0.7239383404340257,buried,-0.9031763654871594,L,E
L,1,F,-0.07339896519071272,0.10583905986242063,buried,-0.07339896519071272,L,F
L,1,G,-0.4606155733300684,-0.28137754827693484,buried,-0.4606155733300684,L,G
L,1,H,-0.798485386576765,-0.6192473615236312,buried,-0.798485386576765,L,H
L,1,I,-0.00900502385130125,0.17023300120183216,buried,-0.00900502385130125,L,I
L,1,K,-0.429113301827972,-0.24987527677483864,buried,-0.429113301827972,L,K
L,1,M,-0.05561716385957968,0.12362086119355395,buried,-0.05561716385957968,L,M
L,1,N,-0.3665514650658233,-0.1873134400126896,buried,-0.3665514650658233,L,N
L,1,P,-1.2612339360171692,-1.0819959109640354,buried,-1.2612339360171692,L,P
L,1,Q,-0.6616331898711543,-0.4823951648180206,buried,-0.6616331898711543,L,Q
L,1,R,-0.5398584392801415,-0.3606204142270078,buried,-0.5398584392801415,L,R
L,1,S,-0.6011048186394211,-0.4218667935862873,buried,-0.6011048186394211,L,S
L,1,T,-0.35676358111414397,-0.1775255560610105,buried,-0.35676358111414397,L,T
L,1,V,-0.04728639681354315,0.13195162823959056,buried,-0.04728639681354315,L,V
L,1,W,-0.06759422182812631,0.1116438032250075,buried,-0.06759422182812631,L,W
L,1,Y,-0.2719318917497285,-0.09269386669659503,buried,-0.2719318917497285,L,Y
M,0,A,0.32776305174731685,0.14901577247450354,exposed,0.32776305174731685,M,A
M,0,C,0.16951871005557248,-0.009228569217240686,exposed,0.16951871005557248,M,C
M,0,D,0.6735785716348995,0.4948312923620864,exposed,0.6735785716348995,M,D
M,0,E,0.6110851231649032,0.43233784389209,exposed,0.6110851231649032,M,E
M,0,F,-0.10035173233554176,-0.2790990116083552,exposed,-0.10035173233554176,M,F
M,0,G,0.0016433857437300632,-0.17710389352908304,exposed,0.0016433857437300632,M,G
M,0,H,0.08823189622072881,-0.0905153830520844,exposed,0.08823189622072881,M,H
M,0,I,-0.14713355281024765,-0.3258808320830609,exposed,-0.14713355281024765,M,I
M,0,K,0.5875105479542182,0.4087632686814052,exposed,0.5875105479542182,M,K
M,0,L,-0.09497015536673488,-0.27371743463954795,exposed,-0.09497015536673488,M,L
M,0,N,0.5549494238916579,0.3762021446188448,exposed,0.5549494238916579,M,N
M,0,P,0.8242559291026559,0.6455086498298427,exposed,0.8242559291026559,M,P
M,0,Q,0.545246136456088,0.3664988571832749,exposed,0.545246136456088,M,Q
M,0,R,0.6853564252651202,0.5066091459923071,exposed,0.6853564252651202,M,R
M,0,S,0.7510064048046726,0.5722591255318595,exposed,0.7510064048046726,M,S
M,0,T,0.4707871934045786,0.2920399141317655,exposed,0.4707871934045786,M,T
M,0,V,0.06762328679918707,-0.11112399247362616,exposed,0.06762328679918707,M,V
M,0,W,0.18965531822794526,0.010908038955132305,exposed,0.18965531822794526,M,W
M,0,Y,-0.15348352388817535,-0.3322308031609885,exposed,-0.15348352388817535,M,Y
M,1,A,-0.2727056182622235,-0.1443696567506254,buried,-0.2727056182622235,M,A
M,1,C,-0.12068035340536284,0.0076556081062356405,buried,-0.12068035340536284,M,C
M,1,D,-0.8953473180739948,-0.7670113565623962,buried,-0.8953473180739948,M,D
M,1,E,-0.7306791795488929,-0.6023432180372944,buried,-0.7306791795488929,M,E
M,1,F,0.0570959630632835,0.18543192457488186,buried,0.0570959630632835,M,F
M,1,G,-0.0010126583143861578,0.1273233031972121,buried,-0.0010126583143861578,M,G
M,1,H,-0.058438683808261276,0.06989727770333715,buried,-0.058438683808261276,M,H
M,1,I,0.08084029354864307,0.20917625506024146,buried,0.08084029354864307,M,I
M,1,K,-0.6772775359580344,-0.5489415744464358,buried,-0.6772775359580344,M,K
M,1,L,0.05425501429357756,0.18259097580517594,buried,0.05425501429357756,M,L
M,1,N,-0.609771301475442,-0.4814353399638436,buried,-0.609771301475442,M,N
M,1,P,-1.5502507490425843,-1.421914787530986,buried,-1.5502507490425843,M,P
M,1,Q,-0.5909049139055552,-0.4625689523939567,buried,-0.5909049139055552,M,Q
M,1,R,-0.9309812307354874,-0.8026452692238892,buried,-0.9309812307354874,M,R
M,1,S,-1.1669866333651244,-1.038650671853526,buried,-1.1669866333651244,M,S
M,1,T,-0.4620395562698552,-0.3337035947582568,buried,-0.4620395562698552,M,T
M,1,V,-0.044007938406091816,0.08432802310550658,buried,-0.044007938406091816,M,V
M,1,W,-0.1375537930036506,-0.009217831492052296,buried,-0.1375537930036506,M,W
M,1,Y,0.08393671378271714,0.21227267529431576,buried,0.08393671378271714,M,Y
N,0,A,0.13891676910343248,-0.007980972427271023,exposed,0.13891676910343248,N,A
N,0,C,-0.2090487186451536,-0.3559464601758571,exposed,-0.2090487186451536,N,C
N,0,D,0.1927039715780373,0.04580623004733361,exposed,0.1927039715780373,N,D
N,0,E,0.1804371943048451,0.033539452774141436,exposed,0.1804371943048451,N,E
N,0,F,0.1634634970177143,0.01656575548701064,exposed,0.1634634970177143,N,F
N,0,G,0.2412175291102295,0.09431978757952587,exposed,0.2412175291102295,N,G
N,0,H,0.05605628251893883,-0.09084145901176498,exposed,0.05605628251893883,N,H
N,0,I,-0.1376040617088078,-0.28450180323951146,exposed,-0.1376040617088078,N,I
N,0,K,0.14005865081378555,-0.0068390907169180865,exposed,0.14005865081378555,N,K
N,0,L,-0.058965530389795726,-0.20586327192049936,exposed,-0.058965530389795726,N,L
N,0,M,-0.12011352420953918,-0.2670112657402429,exposed,-0.12011352420953918,N,M
N,0,P,0.20119646467199626,0.05429872314129262,exposed,0.20119646467199626,N,P
N,0,Q,0.1975665642022094,0.050668822671505714,exposed,0.1975665642022094,N,Q
N,0,R,0.12174809853682801,-0.025149642993875686,exposed,0.12174809853682801,N,R
N,0,S,0.1338715601086227,-0.013026181422080984,exposed,0.1338715601086227,N,S
N,0,T,0.15915210764493345,0.01225436611422975,exposed,0.15915210764493345,N,T
N,0,V,-0.0494348701449241,-0.19633261167562785,exposed,-0.0494348701449241,N,V
N,0,W,-0.08034556602633831,-0.2272433075570421,exposed,-0.08034556602633831,N,W
N,0,Y,0.002184464674265957,-0.14471327685643762,exposed,0.002184464674265957,N,Y
N,1,A,-0.3672070622110425,0.02779453574916949,buried,-0.3672070622110425,N,A
N,1,C,0.3286067451615678,0.7236083431217797,buried,0.3286067451615678,N,C
N,1,D,-0.5767464168862612,-0.1817448189260492,buried,-0.5767464168862612,N,D
N,1,E,-0.5238955991020972,-0.12889400114188493,buried,-0.5238955991020972,N,E
N,1,F,-0.4560519086245858,-0.06105031066437384,buried,-0.4560519086245858,N,F
N,1,G,-0.8268549211819882,-0.4318533232217761,buried,-0.8268549211819882,N,G
N,1,H,-0.12658815025635575,0.2684134477038562,buried,-0.12658815025635575,N,H
N,1,I,0.2351631696419503,0.6301647676021622,buried,0.2351631696419503,N,I
N,1,K,-0.3711232824160525,0.02387831554415955,buried,-0.3711232824160525,N,K
N,1,L,0.11161820039813676,0.5066197983583486,buried,0.11161820039813676,N,L
N,1,M,0.20977932298727786,0.6047809209474898,buried,0.20977932298727786,N,M
N,1,P,-0.6154514433712471,-0.2204498454110353,buried,-0.6154514433712471,N,P
N,1,Q,-0.598683978034651,-0.20368238007443906,buried,-0.598683978034651,N,Q
N,1,R,-0.3106074643753936,0.0843941335848186,buried,-0.3106074643753936,N,R
N,1,S,-0.3501375899020359,0.044864008058176016,buried,-0.3501375899020359,N,S
N,1,T,-0.4397018470799054,-0.04470024911969346,buried,-0.4397018470799054,N,T
N,1,V,0.09482656986170954,0.4898281678219217,buried,0.09482656986170954,N,V
N,1,W,0.1477395809216244,0.5427411788818366,buried,0.1477395809216244,N,W
N,1,Y,-0.00452003405456576,0.3904815639056466,buried,-0.00452003405456576,N,Y
P,0,A,0.05079728331000866,-0.10084729189601806,exposed,0.05079728331000866,P,A
P,0,C,-0.5136675455055365,-0.6653121207115631,exposed,-0.5136675455055365,P,C
P,0,D,0.2304008623155364,0.0787562871095099,exposed,0.2304008623155364,P,D
P,0,E,0.2307326865733257,0.0790881113672989,exposed,0.2307326865733257,P,E
P,0,F,-0.1597995574119764,-0.3114441326180031,exposed,-0.1597995574119764,P,F
P,0,G,0.20327518549277174,0.05163061028674503,exposed,0.20327518549277174,P,G
P,0,H,0.1104158063090756,-0.041228768896950985,exposed,0.1104158063090756,P,H
P,0,I,0.1528783193906472,0.001233744184620586,exposed,0.1528783193906472,P,I
P,0,K,0.2417324824298223,0.09008790722379567,exposed,0.2417324824298223,P,K
P,0,L,0.1807343991080562,0.02908982390202951,exposed,0.1807343991080562,P,L
P,0,M,0.0035335725813110445,-0.14811100262471558,exposed,0.0035335725813110445,P,M
P,0,N,0.2538624086460616,0.10221783344003482,exposed,0.2538624086460616,P,N
P,0,Q,0.19899010150748112,0.04734552630145468,exposed,0.19899010150748112,P,Q
P,0,R,0.22453281510378287,0.07288823989775624,exposed,0.22453281510378287,P,R
P,0,S,0.14810094610086225,-0.0035436291051642687,exposed,0.14810094610086225,P,S
P,0,T,0.12125602784567538,-0.03038854736035133,exposed,0.12125602784567538,P,T
P,0,V,0.09421156589137558,-0.0574330093146511,exposed,0.09421156589137558,P,V
P,0,W,0.23332742522278466,0.0816828500167581,exposed,0.23332742522278466,P,W
P,0,Y,0.03384078751336215,-0.11780378769266453,exposed,0.03384078751336215,P,Y
P,1,A,-0.13826397309642255,0.38223396622419736,buried,-0.13826397309642255,P,A
P,1,C,0.6908683662874432,1.2113663056080632,buried,0.6908683662874432,P,C
P,1,D,-1.027444305299546,-0.5069463659789258,buried,-1.027444305299546,P,D
P,1,E,-1.030341635544098,-0.5098436962234779,buried,-1.030341635544098,P,E
P,1,F,0.3118682802825673,0.8323662196031876,buried,0.3118682802825673,P,F
P,1,G,-0.8177605106785139,-0.2972625713578937,buried,-0.8177605106785139,P,G
P,1,H,-0.3414987829811784,0.17899915633944166,buried,-0.3414987829811784,P,H
P,1,I,-0.5265071671522937,-0.0060092278316737574,buried,-0.5265071671522937,P,I
P,1,K,-1.1320767395600104,-0.6115788002393905,buried,-1.1320767395600104,P,K
P,1,L,-0.675107032607465,-0.15460909328684508,buried,-0.675107032607465,P,L
P,1,M,-0.00881062968215492,0.5116873096384652,buried,-0.00881062968215492,P,M
P,1,N,-1.2593040530083746,-0.7388061136877548,buried,-1.2593040530083746,P,N
P,1,Q,-0.7887695616422717,-0.2682716223216515,buried,-0.7887695616422717,P,Q
P,1,R,-0.9776978967051484,-0.4571999573845282,buried,-0.9776978967051484,P,R
P,1,S,-0.5034763950110469,0.017021544309573,buried,-0.5034763950110469,P,S
P,1,T,-0.3848653170326156,0.13563262228800455,buried,-0.3848653170326156,P,T
P,1,V,-0.2807911697969198,0.2397067695237003,buried,-0.2807911697969198,P,V
P,1,W,-1.0533258573517617,-0.5328279180311415,buried,-1.0533258573517617,P,W
P,1,Y,-0.08915359379552931,0.4313443455250908,buried,-0.08915359379552931,P,Y
Q,0,A,0.196145735627886,0.038424466172117935,exposed,0.196145735627886,Q,A
Q,0,C,-0.20262134895360465,-0.3603426184093728,exposed,-0.20262134895360465,Q,C
Q,0,D,0.25991120131282525,0.10218993185705713,exposed,0.25991120131282525,Q,D
Q,0,E,0.17807045327172422,0.020349183815956136,exposed,0.17807045327172422,Q,E
Q,0,F,0.031707175330540426,-0.1260140941252277,exposed,0.031707175330540426,Q,F
Q,0,G,0.16669977233556274,0.008978502879794703,exposed,0.16669977233556274,Q,G
Q,0,H,0.034978857418282265,-0.12274241203748587,exposed,0.034978857418282265,Q,H
Q,0,I,0.039789095524894534,-0.11793217393087355,exposed,0.039789095524894534,Q,I
Q,0,K,0.18666639339092367,0.028945123935155706,exposed,0.18666639339092367,Q,K
Q,0,L,0.022815264000690345,-0.13490600545507778,exposed,0.022815264000690345,Q,L
Q,0,M,-0.03939411608808218,-0.19711538554385027,exposed,-0.03939411608808218,Q,M
Q,0,N,0.2492336902232373,0.0915124207674695,exposed,0.2492336902232373,Q,N
Q,0,P,0.18211425249525887,0.024392983039490668,exposed,0.18211425249525887,Q,P
Q,0,R,0.12047272054786172,-0.03724854890790636,exposed,0.12047272054786172,Q,R
Q,0,S,0.2056341388984317,0.04791286944266366,exposed,0.2056341388984317,Q,S
Q,0,T,0.21371064996055109,0.055989380504783,exposed,0.21371064996055109,Q,T
Q,0,V,0.11880465710665805,-0.03891661234911005,exposed,0.11880465710665805,Q,V
Q,0,W,-1.1301525142911861,-1.2878737837469545,exposed,-1.1301525142911861,Q,W
Q,0,Y,-0.13842880021729828,-0.2961500696730663,exposed,-0.13842880021729828,Q,Y
Q,1,A,-0.7458863841252051,-0.21072141707735006,buried,-0.7458863841252051,Q,A
Q,1,C,0.3680586328634058,0.9032235999112608,buried,0.3680586328634058,Q,C
Q,1,D,-1.273040048057789,-0.7378750810099339,buried,-1.273040048057789,Q,D
Q,1,E,-0.6402059977396308,-0.10504103069177592,buried,-0.6402059977396308,Q,E
Q,1,F,-0.08137104256528561,0.4537939244825692,buried,-0.08137104256528561,Q,F
Q,1,G,-0.5798959071024771,-0.04473094005462214,buried,-0.5798959071024771,Q,G
Q,1,H,-0.09031213075848987,0.44485283628936495,buried,-0.09031213075848987,Q,H
Q,1,I,-0.10365898868904436,0.43150597835881066,buried,-0.10365898868904436,Q,I
Q,1,K,-0.6888367295963629,-0.15367176254850798,buried,-0.6888367295963629,Q,K
Q,1,L,-0.057610058805946274,0.4775549082419086,buried,-0.057610058805946274,Q,L
Q,1,M,0.08957134519391137,0.6247363122417664,buried,0.08957134519391137,Q,M
Q,1,N,-1.1603059633706392,-0.6251409963227842,buried,-1.1603059633706392,Q,N
Q,1,P,-0.6627371624046292,-0.12757219535677433,buried,-0.6627371624046292,Q,P
Q,1,R,-0.37190199330374657,0.16326297374410834,buried,-0.37190199330374657,Q,R
Q,1,S,-0.80704338955238,-0.2718784225045249,buried,-0.80704338955238,Q,S
Q,1,T,-0.8627199326100224,-0.3275549655621676,buried,-0.8627199326100224,Q,T
Q,1,V,-0.3653085419885299,0.16985642505932502,buried,-0.3653085419885299,Q,V
Q,1,W,0.9716579992972024,1.506822966345057,buried,0.9716579992972024,Q,W
Q,1,Y,0.2727698056270961,0.8079347726749511,buried,0.2727698056270961,Q,Y
R,0,A,0.109584974413237,-0.043350420888014635,exposed,0.109584974413237,R,A
R,0,C,0.13175749077056206,-0.02117790453068959,exposed,0.13175749077056206,R,C
R,0,D,0.1911591529424849,0.03822375764123315,exposed,0.1911591529424849,R,D
R,0,E,0.22198156277056044,0.06904616746930868,exposed,0.22198156277056044,R,E
R,0,F,0.1159429423635694,-0.036992452937682274,exposed,0.1159429423635694,R,F
R,0,G,0.1975780306921835,0.044642635390932016,exposed,0.1975780306921835,R,G
R,0,H,0.07374910151465182,-0.07918629378659983,exposed,0.07374910151465182,R,H
R,0,I,0.09916748578040188,-0.05376790952084984,exposed,0.09916748578040188,R,I
R,0,K,0.14660417232441667,-0.006331222976834969,exposed,0.14660417232441667,R,K
R,0,L,0.10214775632470996,-0.05078763897654174,exposed,0.10214775632470996,R,L
R,0,M,0.020235677430115385,-0.1326997178711363,exposed,0.020235677430115385,R,M
R,0,N,0.18689404447487096,0.03395864917361935,exposed,0.18689404447487096,R,N
R,0,P,0.26450447459745124,0.11156907929619972,exposed,0.26450447459745124,R,P
R,0,Q,0.14196338007776185,-0.010972015223489805,exposed,0.14196338007776185,R,Q
R,0,S,0.1779295966212307,0.024994201319979044,exposed,0.1779295966212307,R,S
R,0,T,0.16557512527396898,0.012639729972717164,exposed,0.16557512527396898,R,T
R,0,V,0.11951738113564148,-0.03341801416561016,exposed,0.11951738113564148,R,V
R,0,W,0.057211055402652734,-0.09572433989859884,exposed,0.057211055402652734,R,W
R,0,Y,0.1647733492150973,0.011837953913845858,exposed,0.1647733492150973,R,Y
R,1,A,-0.38139541643421465,0.2208894513699776,buried,-0.38139541643421465,R,A
R,1,C,-0.4870864731560444,0.11519839464814748,buried,-0.4870864731560444,R,C
R,1,D,-0.85979039196363,-0.25750552415943795,buried,-0.85979039196363,R,D
R,1,E,-1.1410173869075535,-0.5387325191033617,buried,-1.1410173869075535,R,E
R,1,F,-0.4103436321370067,0.1919412356671852,buried,-0.4103436321370067,R,F
R,1,G,-0.911537336930222,-0.30925246912602994,buried,-0.911537336930222,R,G
R,1,H,-0.2351547567759815,0.3671301110282104,buried,-0.2351547567759815,R,H
R,1,I,-0.33607685006857513,0.2662080177356169,buried,-0.33607685006857513,R,I
R,1,K,-0.5661723825065323,0.03611248529765952,buried,-0.5661723825065323,R,K
R,1,L,-0.34878566827863433,0.25349919952555755,buried,-0.34878566827863433,R,L
R,1,M,-0.057595307214552964,0.5446895605896389,buried,-0.057595307214552964,R,M
R,1,N,-0.8270029251834765,-0.2247180573792847,buried,-0.8270029251834765,R,N
R,1,P,-1.7661070324157155,-1.1638221646115237,buried,-1.7661070324157155,R,P
R,1,Q,-0.540645022588321,0.06163984521587097,buried,-0.540645022588321,R,Q
R,1,S,-0.7618251702150739,-0.15954030241088193,buried,-0.7618251702150739,R,S
R,1,T,-0.6792879779238946,-0.07700311011970258,buried,-0.6792879779238946,R,T
R,1,V,-0.4270775436074863,0.1752073241967055,buried,-0.4270775436074863,R,V
R,1,W,-0.17579119109747274,0.4264936767067194,buried,-0.17579119109747274,R,W
R,1,Y,-0.6741933460978525,-0.07190847829366072,buried,-0.6741933460978525,R,Y
S,0,A,-0.05587141885867185,-0.18247170915941469,exposed,-0.05587141885867185,S,A
S,0,C,-0.2801575039148586,-0.40675779421560143,exposed,-0.2801575039148586,S,C
S,0,D,0.2456873576914709,0.1190870673907281,exposed,0.2456873576914709,S,D
S,0,E,0.2848309709035667,0.158230680602824,exposed,0.2848309709035667,S,E
S,0,F,0.22243802634711465,0.09583773604637204,exposed,0.22243802634711465,S,F
S,0,G,0.13684252461639182,0.010242234315649029,exposed,0.13684252461639182,S,G
S,0,H,0.057476616657983065,-0.06912367364275937,exposed,0.057476616657983065,S,H
S,0,I,0.0690530130973306,-0.0575472772034121,exposed,0.0690530130973306,S,I
S,0,K,0.3195626032100278,0.19296231290928528,exposed,0.3195626032100278,S,K
S,0,L,0.10725842244187303,-0.0193418678588697,exposed,0.10725842244187303,S,L
S,0,M,-0.07590481194485131,-0.20250510224559395,exposed,-0.07590481194485131,S,M
S,0,N,0.2539162227284155,0.12731593242767275,exposed,0.2539162227284155,S,N
S,0,P,0.29423186179731664,0.16763157149657382,exposed,0.29423186179731664,S,P
S,0,Q,0.2166039600484671,0.09000366974772457,exposed,0.2166039600484671,S,Q
S,0,R,0.21040655257891785,0.08380626227817523,exposed,0.21040655257891785,S,R
S,0,T,0.053028165080060335,-0.07357212522068231,exposed,0.053028165080060335,S,T
S,0,V,0.12947172461590378,0.0028714343151610856,exposed,0.12947172461590378,S,V
S,0,W,-0.16197382182551445,-0.2885741121262571,exposed,-0.16197382182551445,S,W
S,0,Y,0.057956395368283675,-0.06864389493245918,exposed,0.057956395368283675,S,Y
S,1,A,0.09573923242899204,0.3828134169874462,buried,0.09573923242899204,S,A
S,1,C,0.3727836789541016,0.6598578635125557,buried,0.3727836789541016,S,C
S,1,D,-0.723481943168182,-0.4364077586097278,buried,-0.723481943168182,S,D
S,1,E,-0.9398325633148248,-0.6527583787563704,buried,-0.9398325633148248,S,E
S,1,F,-0.617324062328202,-0.33024987776974796,buried,-0.617324062328202,S,F
S,1,G,-0.3162844941166808,-0.029210309558226608,buried,-0.3162844941166808,S,G
S,1,H,-0.11584460829363873,0.1712295762648156,buried,-0.11584460829363873,S,H
S,1,I,-0.14178122856817665,0.1452929559902778,buried,-0.14178122856817665,S,I
S,1,K,-1.191342778428258,-0.9042685938698036,buried,-1.191342778428258,S,K
S,1,L,-0.2348931257090288,0.052181058849425935,buried,-0.2348931257090288,S,L
S,1,M,0.12676656429600114,0.4138407488544554,buried,0.12676656429600114,S,M
S,1,N,-0.7645835588195908,-0.4775093742611367,buried,-0.7645835588195908,S,N
S,1,P,-1.00110210463464,-0.7140279200761859,buried,-1.00110210463464,S,P
S,1,Q,-0.5927211119401689,-0.3056469273817147,buried,-0.5927211119401689,S,Q
S,1,R,-0.5673833525147347,-0.2803091679562802,buried,-0.5673833525147347,S,R
S,1,T,-0.10613198882607308,0.18094219573238146,buried,-0.10613198882607308,S,T
S,1,V,-0.2951476967153908,-0.008073512156936555,buried,-0.2951476967153908,S,V
S,1,W,0.2441137833458905,0.5311879679043449,buried,0.2441137833458905,S,W
S,1,Y,-0.11690040011695428,0.1701737844415001,buried,-0.11690040011695428,S,Y
T,0,A,-0.02896434857551768,-0.180978948779599,exposed,-0.02896434857551768,T,A
T,0,C,-0.5251141533678533,-0.6771287535719347,exposed,-0.5251141533678533,T,C
T,0,D,0.3149397387170175,0.16292513851293602,exposed,0.3149397387170175,T,D
T,0,E,0.4062894563864212,0.2542748561823401,exposed,0.4062894563864212,T,E
T,0,F,-0.08637646306873498,-0.23839106327281626,exposed,-0.08637646306873498,T,F
T,0,G,0.2837696504208773,0.1317550502167962,exposed,0.2837696504208773,T,G
T,0,H,0.3780770243519508,0.2260624241478694,exposed,0.3780770243519508,T,H
T,0,I,-0.08078796590815193,-0.2328025661122333,exposed,-0.08078796590815193,T,I
T,0,K,0.2751457341327685,0.12313113392868695,exposed,0.2751457341327685,T,K
T,0,L,-0.1874713874824236,-0.3394859876865049,exposed,-0.1874713874824236,T,L
T,0,M,-0.0033170459095664077,-0.15533164611364755,exposed,-0.0033170459095664077,T,M
T,0,N,0.30106305578308445,0.14904845557900315,exposed,0.30106305578308445,T,N
T,0,P,0.4369188143252601,0.2849042141211787,exposed,0.4369188143252601,T,P
T,0,Q,0.2588745864374797,0.10685998623339832,exposed,0.2588745864374797,T,Q
T,0,R,0.3244969670502719,0.17248236684619064,exposed,0.3244969670502719,T,R
T,0,S,0.12666684657340824,-0.02534775363067281,exposed,0.12666684657340824,T,S
T,0,V,-0.05961845176788905,-0.21163305197197024,exposed,-0.05961845176788905,T,V
T,0,W,0.31559138142267235,0.16357678121859107,exposed,0.31559138142267235,T,W
T,0,Y,-0.06992110473327505,-0.22193570493735645,exposed,-0.06992110473327505,T,Y
T,1,A,0.031834216687386487,0.23764796119525675,buried,0.031834216687386487,T,A
T,1,C,0.3803869672735595,0.5862007117814296,buried,0.3803869672735595,T,C
T,1,D,-0.5437206739498649,-0.3379069294419945,buried,-0.5437206739498649,T,D
T,1,E,-0.8391196680515662,-0.6333059235436959,buried,-0.8391196680515662,T,E
T,1,F,0.08961976370450812,0.2954335082123785,buried,0.08961976370450812,T,F
T,1,G,-0.4648535389307965,-0.259039794422926,buried,-0.4648535389307965,T,G
T,1,H,-0.7352045985058242,-0.5293908539979538,buried,-0.7352045985058242,T,H
T,1,I,0.08428064475941748,0.29009438926728776,buried,0.08428064475941748,T,I
T,1,K,-0.4444942096528711,-0.2386804651450005,buried,-0.4444942096528711,T,K
T,1,L,0.1770457981163286,0.38285954262419897,buried,0.1770457981163286,T,L
T,1,M,0.0037450163759154367,0.20955876088378567,buried,0.0037450163759154367,T,M
T,1,N,-0.50753457717305,-0.30172083266517985,buried,-0.50753457717305,T,N
T,1,P,-0.9697272857043332,-0.7639135411964629,buried,-0.9697272857043332,T,P
T,1,Q,-0.4076277731044757,-0.20181402859660547,buried,-0.4076277731044757,T,Q
T,1,R,-0.5697338065884322,-0.3639200620805619,buried,-0.5697338065884322,T,R
T,1,S,-0.16605582414717485,0.03975792036069552,buried,-0.16605582414717485,T,S
T,1,V,0.06351406775152282,0.2693278122593931,buried,0.06351406775152282,T,V
T,1,W,-0.5454651985248843,-0.3396514540170137,buried,-0.5454651985248843,T,W
T,1,Y,0.07372942832502455,0.2795431728328947,buried,0.07372942832502455,T,Y
V,0,A,0.012878183077798654,-0.16280547922752292,exposed,0.012878183077798654,V,A
V,0,C,-0.43176711586905625,-0.6074507781743778,exposed,-0.43176711586905625,V,C
V,0,D,0.803831876004798,0.6281482136994765,exposed,0.803831876004798,V,D
V,0,E,0.7697211280884885,0.5940374657831669,exposed,0.7697211280884885,V,E
V,0,F,0.2267209500636609,0.05103728775833905,exposed,0.2267209500636609,V,F
V,0,G,0.6373786263722847,0.4616949640669632,exposed,0.6373786263722847,V,G
V,0,H,0.5825790818402117,0.4068954195348901,exposed,0.5825790818402117,V,H
V,0,I,-0.15922378256362893,-0.33490744486895024,exposed,-0.15922378256362893,V,I
V,0,K,0.7368990852599325,0.5612154229546109,exposed,0.7368990852599325,V,K
V,0,L,-0.037082521791993325,-0.21276618409731488,exposed,-0.037082521791993325,V,L
V,0,M,-0.08028761249763633,-0.25597127480295784,exposed,-0.08028761249763633,V,M
V,0,N,0.6717098255613719,0.4960261632560505,exposed,0.6717098255613719,V,N
V,0,P,0.8027429689204665,0.627059306615145,exposed,0.8027429689204665,V,P
V,0,Q,0.48825650940399296,0.31257284709867106,exposed,0.48825650940399296,V,Q
V,0,R,0.7397847738655451,0.5641011115602234,exposed,0.7397847738655451,V,R
V,0,S,0.5406555964599493,0.36497193415462775,exposed,0.5406555964599493,V,S
V,0,T,0.4372712414361734,0.2615875791308516,exposed,0.4372712414361734,V,T
V,0,W,0.33112459298455355,0.15544093067923198,exposed,0.33112459298455355,V,W
V,0,Y,0.3604467636115108,0.18476310130618928,exposed,0.3604467636115108,V,Y
V,1,A,-0.005846242635077071,0.08448988107835424,buried,-0.005846242635077071,V,A
V,1,C,0.14642992767324642,0.236766051386678,buried,0.14642992767324642,V,C
V,1,D,-0.8096984916542502,-0.7193623679408185,buried,-0.8096984916542502,V,D
V,1,E,-0.7367089557733287,-0.6463728320598973,buried,-0.7367089557733287,V,E
V,1,F,-0.1215437823810463,-0.031207658667614775,buried,-0.1215437823810463,V,F
V,1,G,-0.5123991578637721,-0.4220630341503407,buried,-0.5123991578637721,V,G
V,1,H,-0.4394061714910127,-0.3490700477775815,buried,-0.4394061714910127,V,H
V,1,I,0.06409913979444505,0.1544352635078767,buried,0.06409913979444505,V,I
V,1,K,-0.6732641095029916,-0.5829279857895604,buried,-0.6732641095029916,V,K
V,1,L,0.016239199165849198,0.10657532287928066,buried,0.016239199165849198,V,L
V,1,M,0.0341080839313493,0.12444420764478074,buried,0.0341080839313493,V,M
V,1,N,-0.5632690366487307,-0.4729329129352994,buried,-0.5632690366487307,V,N
V,1,P,-0.8072442202887663,-0.7169080965753349,buried,-0.8072442202887663,V,P
V,1,Q,-0.3328107171048485,-0.24247459339141705,buried,-0.3328107171048485,V,Q
V,1,R,-0.6786025565968233,-0.5882664328833921,buried,-0.6786025565968233,V,R
V,1,S,-0.3893714068638517,-0.2990352831504202,buried,-0.3893714068638517,V,S
V,1,T,-0.2832482965478323,-0.19291217283440104,buried,-0.2832482965478323,V,T
V,1,W,-0.19423401651380626,-0.1038978928003748,buried,-0.19423401651380626,V,W
V,1,Y,-0.21712446307498007,-0.1267883393615487,buried,-0.21712446307498007,V,Y
W,0,A,-0.01168069396335594,-0.18157140578203976,exposed,-0.01168069396335594,W,A
W,0,C,-0.4562068405531118,-0.6260975523717957,exposed,-0.4562068405531118,W,C
W,0,D,0.1729235644928449,0.0030328526741609982,exposed,0.1729235644928449,W,D
W,0,E,0.6078795792659244,0.4379888674472405,exposed,0.6078795792659244,W,E
W,0,F,0.16917083859427454,-0.0007198732244090393,exposed,0.16917083859427454,W,F
W,0,G,0.2512997133128205,0.08140900149413652,exposed,0.2512997133128205,W,G
W,0,H,0.04236093613075618,-0.12752977568792792,exposed,0.04236093613075618,W,H
W,0,I,-0.1365929004668414,-0.3064836122855254,exposed,-0.1365929004668414,W,I
W,0,K,0.5051028461421915,0.33521213432350777,exposed,0.5051028461421915,W,K
W,0,L,-0.06355313308032268,-0.2334438448990065,exposed,-0.06355313308032268,W,L
W,0,M,0.3561338996306742,0.18624318781199026,exposed,0.3561338996306742,W,M
W,0,N,0.4827860523793349,0.312895340560651,exposed,0.4827860523793349,W,N
W,0,P,0.8498916148845169,0.6800009030658329,exposed,0.8498916148845169,W,P
W,0,Q,0.6510098320768208,0.4811191202581369,exposed,0.6510098320768208,W,Q
W,0,R,0.3764513525236651,0.2065606407049812,exposed,0.3764513525236651,W,R
W,0,S,0.3786299808500861,0.208739269031402,exposed,0.3786299808500861,W,S
W,0,T,0.504615022820747,0.334724311002063,exposed,0.504615022820747,W,T
W,0,V,-0.13792873803907396,-0.3078194498577577,exposed,-0.13792873803907396,W,V
W,0,Y,0.15197581735068394,-0.017914894468000108,exposed,0.15197581735068394,W,Y
W,1,A,0.006283766975746777,0.11221739637053453,buried,0.006283766975746777,W,A
W,1,C,0.18135603342412995,0.2872896628189176,buried,0.18135603342412995,W,C
W,1,D,-0.10810844188891874,-0.0021748124941309947,buried,-0.10810844188891874,W,D
W,1,E,-0.6052853850700769,-0.4993517556752893,buried,-0.6052853850700769,W,E
W,1,F,-0.10541907941269196,0.0005145499820958583,buried,-0.10541907941269196,W,F
W,1,G,-0.16851248941724511,-0.0625788600224574,buried,-0.16851248941724511,W,G
W,1,H,-0.023768303481523343,0.08216532591326448,buried,-0.023768303481523343,W,H
W,1,I,0.0670075557682005,0.17294118516298818,buried,0.0670075557682005,W,I
W,1,K,-0.4411644470430416,-0.3352308176482538,buried,-0.4411644470430416,W,K
W,1,L,0.032877698371956934,0.13881132776674468,buried,0.032877698371956934,W,L
W,1,M,-0.2642454027009477,-0.15831177330616,buried,-0.2642454027009477,W,M
W,1,N,-0.4107704813874584,-0.3048368519926707,buried,-0.4107704813874584,W,N
W,1,P,-1.2984325656300224,-1.1924989362352347,buried,-1.2984325656300224,W,P
W,1,Q,-0.6891918453857032,-0.5832582159909154,buried,-0.6891918453857032,W,Q
W,1,R,-0.2851819422768725,-0.17924831288208484,buried,-0.2851819422768725,W,R
W,1,S,-0.2874788803527764,-0.1815452509579887,buried,-0.2874788803527764,W,S
W,1,T,-0.4404827084873684,-0.33454907909258075,buried,-0.4404827084873684,W,T
W,1,V,0.06759852290411189,0.1735321522988996,buried,0.06759852290411189,W,V
W,1,Y,-0.09331458657144256,0.01261904282334515,buried,-0.09331458657144256,W,Y
Y,0,A,0.5262163395055388,0.2852758017754444,exposed,0.5262163395055388,Y,A
Y,0,C,0.2317699307325472,-0.009170606997547535,exposed,0.2317699307325472,Y,C
Y,0,D,0.7343554504415257,0.4934149127114314,exposed,0.7343554504415257,Y,D
Y,0,E,0.6416576201855131,0.40071708245541865,exposed,0.6416576201855131,Y,E
Y,0,F,0.06456843708928002,-0.17637210064081454,exposed,0.06456843708928002,Y,F
Y,0,G,0.22085464651557613,-0.02008589121451828,exposed,0.22085464651557613,Y,G
Y,0,H,0.32867991691591736,0.08773937918582263,exposed,0.32867991691591736,Y,H
Y,0,I,0.17612259889541795,-0.06481793883467661,exposed,0.17612259889541795,Y,I
Y,0,K,0.4974191040497138,0.25647856631961924,exposed,0.4974191040497138,Y,K
Y,0,L,0.11667771866449055,-0.124262819065604,exposed,0.11667771866449055,Y,L
Y,0,M,0.3103106678958031,0.06937013016570866,exposed,0.3103106678958031,Y,M
Y,0,N,0.3900471043521743,0.14910656662207986,exposed,0.3900471043521743,Y,N
Y,0,P,0.8485254054120338,0.6075848676819393,exposed,0.8485254054120338,Y,P
Y,0,Q,0.4276229847822017,0.18668244705210707,exposed,0.4276229847822017,Y,Q
Y,0,R,0.11890986929250145,-0.12203066843759285,exposed,0.11890986929250145,Y,R
Y,0,S,0.5747922768904962,0.3338517391604017,exposed,0.5747922768904962,Y,S
Y,0,T,0.5513404130728758,0.31039987534278124,exposed,0.5513404130728758,Y,T
Y,0,V,0.13114812660126912,-0.10979241112882547,exposed,0.13114812660126912,Y,V
Y,0,W,-0.41093658373784697,-0.6518771214679414,exposed,-0.41093658373784697,Y,W
Y,1,A,-0.5434687201384034,-0.36320934590539306,buried,-0.5434687201384034,Y,A
Y,1,C,-0.1718730024903787,0.008386371742631588,buried,-0.1718730024903787,Y,C
Y,1,D,-1.0681869924965692,-0.8879276182635588,buried,-1.0681869924965692,Y,D
Y,1,E,-0.7867122434627078,-0.6064528692296975,buried,-0.7867122434627078,Y,E
Y,1,F,-0.041219232378203116,0.13904014185480726,buried,-0.041219232378203116,Y,F
Y,1,G,-0.1620803099855565,0.01817906424745401,buried,-0.1620803099855565,Y,G
Y,1,H,-0.2686543932966995,-0.08839501906368914,buried,-0.2686543932966995,Y,H
Y,1,I,-0.12397282379295405,0.05628655044005639,buried,-0.12397282379295405,Y,I
Y,1,K,-0.4945946817224791,-0.31433530748946875,buried,-0.4945946817224791,Y,K
Y,1,L,-0.07788180122306887,0.10237757300994156,buried,-0.07788180122306887,Y,L
Y,1,M,-0.2488264167773564,-0.06856704254434633,buried,-0.2488264167773564,Y,M
Y,1,N,-0.3408300918635958,-0.16057071763058553,buried,-0.3408300918635958,Y,N
Y,1,P,-1.6553469701433148,-1.4750875959103045,buried,-1.6553469701433148,Y,P
Y,1,Q,-0.3901752658209092,-0.20991589158789886,buried,-0.3901752658209092,Y,Q
Y,1,R,-0.07952664620354646,0.10073272802946376,buried,-0.07952664620354646,Y,R
Y,1,S,-0.6353956019966707,-0.4551362277636603,buried,-0.6353956019966707,Y,S
Y,1,T,-0.5894006470855749,-0.4091412728525645,buried,-0.5894006470855749,Y,T
Y,1,V,-0.08865946339034939,0.09159991084266096,buried,-0.08865946339034939,Y,V
Y,1,W,0.18565942004179609,0.3659187942748065,buried,0.18565942004179609,Y,W
