ori_aa,mut_aa,numerator1,denominator1,numerator2,denominator2,quotient1,quotient2,quotient3,ln
A,C,29851,100492,2168202,6389889,0.2970485212753254,0.33931763133913595,0.8754290783623794,-0.1330411375478932
A,D,54001,215167,2168202,6389889,0.25097250042989866,0.33931763133913595,0.7396388435208088,-0.3015932612149478
A,E,100143,361174,2168202,6389889,0.27727078914872055,0.33931763133913595,0.8171422983664478,-0.20194202748112472
A,F,16483,77882,2168202,6389889,0.2116406871934465,0.33931763133913595,0.6237244034687933,-0.47204666928140643
A,G,200268,578448,2168202,6389889,0.34621608165297485,0.33931763133913595,1.0203303621053046,0.02012645927390975
A,H,14642,75979,2168202,6389889,0.19271114386870056,0.33931763133913595,0.5679373132134492,-0.5657442304123756
A,I,62092,215093,2168202,6389889,0.2886751312223085,0.33931763133913595,0.8507519343543569,-0.16163469189890878
A,K,37864,185877,2168202,6389889,0.20370460035399754,0.33931763133913595,0.6003360319063468,-0.510265727359996
A,L,74404,311742,2168202,6389889,0.23867172212919657,0.33931763133913595,0.7033873282306767,-0.35184757413057705
A,M,36280,113356,2168202,6389889,0.3200536363315572,0.33931763133913595,0.9432272501386022,-0.05844803902003846
A,N,47280,182463,2168202,6389889,0.25912102727676295,0.33931763133913595,0.7636532951563034,-0.26964139496641026
A,P,160230,525118,2168202,6389889,0.30513141808126937,0.33931763133913595,0.8992501122828519,-0.10619407154363489
A,Q,42527,190409,2168202,6389889,0.22334553513751976,0.33931763133913595,0.6582196576584428,-0.4182165771357614
A,R,26649,146163,2168202,6389889,0.1823238439276698,0.33931763133913595,0.5373249931284696,-0.6211521661772039
A,S,480049,1255128,2168202,6389889,0.3824701544384318,0.33931763133913595,1.1271744204066025,0.11971398830598741
A,T,442397,988561,2168202,6389889,0.4475161370921977,0.33931763133913595,1.318870862460198,0.2767759633016207
A,V,330633,806473,2168202,6389889,0.4099740474882606,0.33931763133913595,1.2082309011479162,0.1891572245814313
A,W,2217,13962,2168202,6389889,0.1587881392350666,0.33931763133913595,0.46796312531241113,-0.759365778236246
A,Y,10192,46402,2168202,6389889,0.21964570492651178,0.33931763133913595,0.647315920660143,-0.4349208182439616
C,A,27552,91675,331504,1008100,0.3005399509135533,0.3288403928181728,0.9139386689631289,-0.08999181157030033
C,D,3035,16101,331504,1008100,0.18849760884417116,0.3288403928181728,0.5732191450957121,-0.5564871832095708
C,E,2978,16194,331504,1008100,0.18389526985303198,0.3288403928181728,0.5592234830917321,-0.5812060948603363
C,F,22069,61604,331504,1008100,0.35823972469320176,0.3288403928181728,1.0894030432912325,0.085629879511573
C,G,19857,62791,331504,1008100,0.3162395884760555,0.3288403928181728,0.9616810932679893,-0.0390723871554171
C,H,12635,37357,331504,1008100,0.3382230907192762,0.3288403928181728,1.028532680613514,0.028133204631352524
C,I,7959,29658,331504,1008100,0.2683592959741048,0.3288403928181728,0.8160776529740065,-0.20324576558739585
C,K,4894,22727,331504,1008100,0.21533858406300876,0.3288403928181728,0.6548422540721052,-0.42336090582962616
C,L,14716,62140,331504,1008100,0.23682008368200838,0.3288403928181728,0.7201672569858363,-0.3282717925806042
C,M,4034,13624,331504,1008100,0.296095126247798,0.3288403928181728,0.9004220062816894,-0.10489172968659799
C,N,9388,33183,331504,1008100,0.2829159509387337,0.3288403928181728,0.8603442798317288,-0.1504226444576807
C,P,5018,23606,331504,1008100,0.21257307464204017,0.3288403928181728,0.6464323704891667,-0.4362866949208775
C,Q,6805,23816,331504,1008100,0.28573228081961705,0.3288403928181728,0.868908707871567,-0.14051721346827675
C,R,30634,74358,331504,1008100,0.41197988111568357,0.3288403928181728,1.2528262650004844,0.22540201107333913
C,S,85217,217499,331504,1008100,0.3918041002487368,0.3288403928181728,1.1914719383800847,0.17518946577288536
C,T,16621,59882,331504,1008100,0.27756253966133393,0.3288403928181728,0.8440646153065747,-0.16952622889651398
C,V,15849,60579,331504,1008100,0.2616253157034616,0.3288403928181728,0.7955996933993545,-0.2286591173727379
C,W,5677,15538,331504,1008100,0.3653623374951731,0.3288403928181728,1.1110628300982313,0.10531706180212932
C,Y,36566,85768,331504,1008100,0.42633616267139257,0.3288403928181728,1.2964835585363401,0.2596556444941437
D,A,49995,189328,1060789,3476617,0.2640655370573819,0.30512104151823455,0.865445187730853,-0.1445112365494152
D,C,3054,15186,1060789,3476617,0.20110628210193598,0.30512104151823455,0.6591032893086055,-0.4168750203296262
D,E,518077,1397449,1060789,3476617,0.37073052397618805,0.30512104151823455,1.2150277218886347,0.19476689290146906
D,F,3490,16443,1060789,3476617,0.2122483731679134,0.30512104151823455,0.6956202434017619,-0.36295139485277805
D,G,79546,282170,1060789,3476617,0.28190806960343057,0.30512104151823455,0.923922087446674,-0.07912753184082161
D,H,27257,95458,1060789,3476617,0.2855391900102663,0.30512104151823455,0.9358226774183386,-0.06632926765456278
D,I,6266,31128,1060789,3476617,0.20129786687226933,0.30512104151823455,0.6597311869107507,-0.41592281948727733
D,K,24704,125382,1060789,3476617,0.19702987669681454,0.30512104151823455,0.6457433276853826,-0.43735317971867504
D,L,7976,48957,1060789,3476617,0.1629184794819944,0.30512104151823455,0.5339470482643135,-0.627458605492395
D,M,2983,16376,1060789,3476617,0.18215681485100146,0.30512104151823455,0.5969985352193925,-0.5158406191614018
D,N,174761,471871,1060789,3476617,0.3703575765410462,0.30512104151823455,1.2138054284889854,0.19376040671888164
D,P,10854,84652,1060789,3476617,0.12821906156972074,0.30512104151823455,0.42022359694278294,-0.866968335692019
D,Q,28366,131344,1060789,3476617,0.21596723108783042,0.30512104151823455,0.7078083832344413,-0.34558186706851934
D,R,11056,70058,1060789,3476617,0.15781209854691827,0.30512104151823455,0.517211457334014,-0.6593034797118305
D,S,60790,272397,1060789,3476617,0.22316692180897735,0.30512104151823455,0.7314045622633355,-0.312788535573246
D,T,24605,121875,1060789,3476617,0.2018871794871795,0.30512104151823455,0.6616625929258123,-0.4129995313350945
D,V,15911,69238,1060789,3476617,0.2298015540599093,0.30512104151823455,0.7531488255167612,-0.28349242726258267
D,W,611,4576,1060789,3476617,0.13352272727272727,0.30512104151823455,0.4376057665782047,-0.8264368502230635
D,Y,10487,32729,1060789,3476617,0.32041920009777264,0.30512104151823455,1.0501379993441844,0.04892158348037833
E,A,97886,346071,1381165,4763751,0.2828494730850028,0.2899322403710857,0.9755709565896581,-0.024732382876799318
E,C,2844,17472,1381165,4763751,0.16277472527472528,0.2899322403710857,0.5614233348674473,-0.5772800504257511
E,D,559740,1536373,1381165,4763751,0.3643255902049828,0.2899322403710857,1.2565887454899138,0.22840070462789536
E,F,3446,23269,1381165,4763751,0.14809403068460184,0.2899322403710857,0.5107884190287204,-0.6717998273033237
E,G,95633,357893,1381165,4763751,0.26721114970116766,0.2899322403710857,0.9216331007519646,-0.08160807307095151
E,H,18415,90487,1381165,4763751,0.2035098964492137,0.2899322403710857,0.7019222704889265,-0.35393260688612976
E,I,14444,60317,1381165,4763751,0.23946814330951474,0.2899322403710857,0.8259452036207435,-0.19122684710391621
E,K,130258,439847,1381165,4763751,0.29614388639686073,0.2899322403710857,1.021424474966374,0.021198197120129665
E,L,21707,114510,1381165,4763751,0.18956423019823596,0.2899322403710857,0.6538225274830138,-0.42491932905587404
E,M,9735,42625,1381165,4763751,0.22838709677419355,0.2899322403710857,0.7877257682066671,-0.23860525958376905
E,N,42350,202905,1381165,4763751,0.20871836573766048,0.2899322403710857,0.7198867068750988,-0.3286614309154547
E,P,24023,149140,1381165,4763751,0.16107684055250102,0.2899322403710857,0.5555671916525667,-0.5877657201468418
E,Q,185959,535316,1381165,4763751,0.347381733406063,0.2899322403710857,1.1981479981717362,0.1807770297690604
E,R,35839,174005,1381165,4763751,0.20596534582339587,0.2899322403710857,0.7103913161219317,-0.3419393113063505
E,S,48959,283682,1381165,4763751,0.17258409063669883,0.2899322403710857,0.5952566379503279,-0.5187626421438226
E,T,36244,179690,1381165,4763751,0.20170293282876064,0.2899322403710857,0.6956899052364789,-0.36285125638279936
E,V,46509,169624,1381165,4763751,0.27418879403857943,0.2899322403710857,0.9456995665181762,-0.0558303433321659
E,W,1251,8654,1381165,4763751,0.14455743009013172,0.2899322403710857,0.4985903944491028,-0.6959703731221702
E,Y,5923,31871,1381165,4763751,0.185842929308776,0.2899322403710857,0.6409874564860903,-0.44474539091738147
F,A,15231,66067,744863,2147179,0.23053869556662177,0.34690307608261817,0.6645622695825183,-0.40862669629145154
F,C,21926,57047,744863,2147179,0.3843497467000894,0.34690307608261817,1.1079456286186202,0.102507515477195
F,D,3959,19619,744863,2147179,0.20179417911208522,0.34690307608261817,0.5817019018419602,-0.5417971586157887
F,E,3189,23338,744863,2147179,0.1366440997514783,0.34690307608261817,0.39389705417006804,-0.9316656876570855
F,G,3783,25571,744863,2147179,0.14794102694458566,0.34690307608261817,0.42646213638460834,-0.852231693518657
F,H,20013,62922,744863,2147179,0.31806045580242204,0.34690307608261817,0.916856833309466,-0.0868039439859255
F,I,53395,159869,744863,2147179,0.33399220611875974,0.34690307608261817,0.9627824863657779,-0.03792776355256508
F,K,4152,22484,744863,2147179,0.1846646504180751,0.34690307608261817,0.5323234734710035,-0.6305039415773314
F,L,225272,590490,744863,2147179,0.3815001100780708,0.34690307608261817,1.0997311248609771,0.09506571798140194
F,M,17859,63003,744863,2147179,0.2834626922527499,0.34690307608261817,0.8171236053993383,-0.20196490376712847
F,N,5663,26276,744863,2147179,0.21551986603744863,0.34690307608261817,0.6212682472326091,-0.47599233019964904
F,P,8052,50578,744863,2147179,0.15919965202261854,0.34690307608261817,0.4589168070239414,-0.7788863336629057
F,Q,6930,30970,744863,2147179,0.2237649338069099,0.34690307608261817,0.6450358882191585,-0.43844932308439
F,R,6305,28272,744863,2147179,0.2230121675155631,0.34690307608261817,0.6428659267998267,-0.4418190884615481
F,S,45943,142374,744863,2147179,0.32269234551252335,0.34690307608261817,0.9302089481491689,-0.072346042641366
F,T,12787,51627,744863,2147179,0.24768047726964573,0.34690307608261817,0.7139760190845306,-0.3369059039229428
F,V,46805,144149,744863,2147179,0.324698749210886,0.34690307608261817,0.9359927068895635,-0.06614759431955551
F,W,9495,35224,744863,2147179,0.2695605269134681,0.34690307608261817,0.777048534586271,-0.25225246649029387
F,Y,234104,547299,744863,2147179,0.4277442494870263,0.34690307608261817,1.2330367730298104,0.20948004776814505
G,A,197710,568909,984368,3620761,0.3475248238294701,0.27186770957817985,1.278286503272776,0.24552051179515896
G,C,24303,76995,984368,3620761,0.31564387297876484,0.27186770957817985,1.1610200912366773,0.14929900767943982
G,D,79114,304547,984368,3620761,0.25977599516659167,0.27186770957817985,0.9555235359493437,-0.04549588352841445
G,E,96427,354935,984368,3620761,0.2716750954400101,0.27186770957817985,0.9992915152061692,-0.0007087358877868373
G,F,5862,33227,984368,3620761,0.17642278869594005,0.27186770957817985,0.6489288079473333,-0.43243226329138795
G,H,11149,63398,984368,3620761,0.17585728256411876,0.27186770957817985,0.6468487296154904,-0.4356428145754914
G,I,10394,53741,984368,3620761,0.19340912897043225,0.27186770957817985,0.7114089763382304,-0.3405078016977515
G,K,29882,157449,984368,3620761,0.1897884394311809,0.27186770957817985,0.698091140450809,-0.3594056110320089
G,L,13957,96888,984368,3620761,0.14405292709107423,0.27186770957817985,0.5298640552590139,-0.63513480484889
G,M,6011,35312,984368,3620761,0.17022541912097872,0.27186770957817985,0.6261332741026668,-0.46819203261400344
G,N,66405,261882,984368,3620761,0.2535684010355809,0.27186770957817985,0.93269039353371,-0.06968197293385006
G,P,17618,126040,984368,3620761,0.13978102189781022,0.27186770957817985,0.5141508791709373,-0.6652385173581178
G,Q,23485,121125,984368,3620761,0.193890608875129,0.27186770957817985,0.7131799843974214,-0.3380214578886198
G,R,65350,228942,984368,3620761,0.28544347476653475,0.27186770957817985,1.0499351879979368,0.04872843654807095
G,S,244881,731129,984368,3620761,0.334935421792871,0.27186770957817985,1.2319794149608452,0.2086221563360596
G,T,40202,195207,984368,3620761,0.20594548351237404,0.27186770957817985,0.7575209421961573,-0.27770409551719527
G,V,43584,163687,984368,3620761,0.2662642726667359,0.27186770957817985,0.9793891046489558,-0.020826264291873304
G,W,4024,20296,984368,3620761,0.19826566811194324,0.27186770957817985,0.729272587831652,-0.31570769665619053
G,Y,4010,27052,984368,3620761,0.14823303267780572,0.27186770957817985,0.5452395685673695,-0.6065300055508636
H,A,12691,65090,777002,2195734,0.19497618681825166,0.35386891126156444,0.550984222160544,-0.5960491051565526
H,C,14546,42354,777002,2195734,0.3434386362563158,0.35386891126156444,0.9705250315206723,-0.02991808430932521
H,D,32798,101308,777002,2195734,0.3237454100367197,0.35386891126156444,0.9148738409445107,-0.08896910196193288
H,E,20829,86704,777002,2195734,0.24023113120501938,0.35386891126156444,0.6788704052825115,-0.38732503078479646
H,F,19037,60125,777002,2195734,0.3166237006237006,0.35386891126156444,0.8947485652099746,-0.11121253290255767
H,G,12027,60337,777002,2195734,0.19933042743258697,0.35386891126156444,0.5632888933982975,-0.5739626503035503
H,I,6592,26900,777002,2195734,0.2450557620817844,0.35386891126156444,0.6925043548136103,-0.36744075240090684
H,K,31373,114613,777002,2195734,0.2737298561245234,0.35386891126156444,0.7735346265617389,-0.2567848438924625
H,L,35842,112129,777002,2195734,0.3196496891972639,0.35386891126156444,0.9032997220854838,-0.10170086249218549
H,M,4481,17432,777002,2195734,0.2570559889857733,0.35386891126156444,0.7264158585430771,-0.31963262023859673
H,N,99144,242820,777002,2195734,0.40830244625648626,0.35386891126156444,1.1538240101422386,0.1430816522464598
H,P,32600,115840,777002,2195734,0.28142265193370164,0.35386891126156444,0.7952737383185557,-0.22906889866502841
H,Q,160347,375220,777002,2195734,0.4273412931080433,0.35386891126156444,1.2076259866529255,0.18865643787449735
H,R,121644,265215,777002,2195734,0.4586618403936429,0.35386891126156444,1.296134884408142,0.25938666998981647
H,S,37260,151546,777002,2195734,0.24586594169427103,0.35386891126156444,0.6947938456015925,-0.36414010245293166
H,T,16362,66531,777002,2195734,0.24593046850340441,0.35386891126156444,0.6949761922477088,-0.36387768976277923
H,V,7593,38096,777002,2195734,0.1993122637547249,0.35386891126156444,0.5632375645663938,-0.5740537779136944
H,W,2953,11082,777002,2195734,0.26646814654394513,0.35386891126156444,0.753013723624293,-0.28367182608365626
H,Y,108883,242392,777002,2195734,0.4492021188818113,0.35386891126156444,1.2694026081024696,0.2385464024827885
I,A,59435,194060,1819295,4276922,0.3062712563124807,0.42537483732459935,0.7200032287729519,-0.3284995825752134
I,C,8907,31181,1819295,4276922,0.2856547256342003,0.42537483732459935,0.6715364910412414,-0.3981869219171789
I,D,5750,30837,1819295,4276922,0.1864643123520446,0.42537483732459935,0.43835294425221377,-0.8247308843002834
I,E,11697,52422,1819295,4276922,0.22313150967151196,0.42537483732459935,0.5245526770574878,-0.6452094232860903
I,F,47818,148444,1819295,4276922,0.3221282099647005,0.42537483732459935,0.7572808302219523,-0.2780211165038195
I,G,9425,49186,1819295,4276922,0.19161956654332535,0.42537483732459935,0.4504722652343969,-0.7974587682364644
I,H,6619,26052,1819295,4276922,0.2540687855059113,0.42537483732459935,0.5972821220547042,-0.5153657109580169
I,K,19200,63838,1819295,4276922,0.3007613020458034,0.42537483732459935,0.7070500548115295,-0.34665381670692114
I,L,348139,903490,1819295,4276922,0.38532689902489237,0.42537483732459935,0.9058525921476949,-0.09887868800027165
I,M,156223,324866,1819295,4276922,0.4808844261941847,0.42537483732459935,1.1304957040212196,0.12265621265898084
I,N,22158,63564,1819295,4276922,0.3485935435151973,0.42537483732459935,0.819497330184552,-0.1990641386625565
I,P,12834,62622,1819295,4276922,0.20494394941075023,0.42537483732459935,0.48179612762181206,-0.7302342261482938
I,Q,11560,50097,1819295,4276922,0.23075234045950854,0.42537483732459935,0.5424682426229732,-0.6116257342248215
I,R,17988,60305,1819295,4276922,0.2982837244009618,0.42537483732459935,0.7012255973508476,-0.354925621537393
I,S,39198,138147,1819295,4276922,0.2837412321657365,0.42537483732459935,0.6670381208966912,-0.40490808193101807
I,T,161824,356883,1819295,4276922,0.45343712084912985,0.42537483732459935,1.0659707182047453,0.0638858565152938
I,V,868834,1677294,1819295,4276922,0.517997441116465,0.42537483732459935,1.2177434950652386,0.19699955192489244
I,W,2315,10692,1819295,4276922,0.21651702207257764,0.42537483732459935,0.5090028912719998,-0.6753015821491227
I,Y,9371,32942,1819295,4276922,0.2844696739724364,0.42537483732459935,0.6687505912705419,-0.40234409662944515
K,A,38380,173740,1327821,4071485,0.2209048002762749,0.326126953679063,0.6773583041335008,-0.389554893292591
K,C,4058,21121,1327821,4071485,0.1921310544008333,0.326126953679063,0.5891296387292992,-0.5291090198387525
K,D,25194,135744,1327821,4071485,0.18559936350777934,0.326126953679063,0.5691015765916272,-0.5636963430524766
K,E,136844,445715,1327821,4071485,0.3070213028504762,0.326126953679063,0.9414165231881189,-0.0603695984502817
K,F,3817,22587,1327821,4071485,0.16899101252933102,0.326126953679063,0.5181755467400978,-0.6574412008133728
K,G,24931,140775,1327821,4071485,0.17709820635766294,0.326126953679063,0.5430345586582298,-0.610582317135583
K,H,25599,95363,1327821,4071485,0.26843744429181127,0.326126953679063,0.8231072018535972,-0.19466882937154936
K,I,20413,69803,1327821,4071485,0.2924372877956535,0.326126953679063,0.896697695473024,-0.10903649103633248
K,L,27235,120000,1327821,4071485,0.22695833333333335,0.326126953679063,0.6959201954116306,-0.36252028698677863
K,M,25204,72586,1327821,4071485,0.34722949329071723,0.326126953679063,1.064706518040275,0.06269919126978772
K,N,100195,286235,1327821,4071485,0.35004454381889005,0.326126953679063,1.0733382809056746,0.07077368041703176
K,P,20200,118943,1327821,4071485,0.16982924594133325,0.326126953679063,0.5207458139398679,-0.652493237394982
K,Q,165064,458825,1327821,4071485,0.359753718738081,0.326126953679063,1.1031094323228174,0.09813294869802264
K,R,541643,1261895,1327821,4071485,0.4292298487592074,0.326126953679063,1.316143434073856,0.2747058194212165
K,S,57491,259580,1327821,4071485,0.22147700130980816,0.326126953679063,0.6791128387620502,-0.38696798148661493
K,T,79072,249978,1327821,4071485,0.3163158357935498,0.326126953679063,0.9699162618273859,-0.030545539224190173
K,V,24745,101591,1327821,4071485,0.24357472610762765,0.326126953679063,0.7468708837458622,-0.2918629551800601
K,W,3255,12488,1327821,4071485,0.26065022421524664,0.326126953679063,0.7992293224305185,-0.22410736259296893
K,Y,4481,24516,1327821,4071485,0.1827785935715451,0.326126953679063,0.5604522763592701,-0.5790111848598499
L,A,69694,301903,1974463,6003214,0.2308489812953167,0.328900985372169,0.7018798713360459,-0.3539930130525406
L,C,15727,70269,1974463,6003214,0.22381135351292888,0.328900985372169,0.6804824657477825,-0.3849532239414928
L,D,10317,59536,1974463,6003214,0.17329011018543403,0.328900985372169,0.5268762268661099,-0.6407896216572266
L,E,26452,131112,1974463,6003214,0.20175117456830802,0.328900985372169,0.6134100642478033,-0.48872162012030906
L,F,231245,633661,1974463,6003214,0.36493487842868666,0.328900985372169,1.1095584831275085,0.10396217324738707
L,G,14560,95475,1974463,6003214,0.1525006546216287,0.328900985372169,0.4636673692207583,-0.7685878605142387
L,H,37455,119142,1974463,6003214,0.3143727652716926,0.328900985372169,0.9558279824426889,-0.04517731680430292
L,I,394949,1072549,1974463,6003214,0.36823399210665436,0.328900985372169,1.1195892030848675,0.11296183506574135
L,K,29751,134386,1974463,6003214,0.22138466804577858,0.328900985372169,0.6731043015735269,-0.39585498129575947
L,M,300714,697720,1974463,6003214,0.4309952416442126,0.328900985372169,1.3104103083075853,0.2703403006208195
L,N,16124,74514,1974463,6003214,0.21638886652172745,0.328900985372169,0.6579149231701812,-0.41867965211022995
L,P,118406,366437,1974463,6003214,0.32312785008064143,0.328900985372169,0.9824471936896298,-0.017708683563919973
L,Q,91945,270840,1974463,6003214,0.3394808743169399,0.328900985372169,1.0321673981389845,0.03166086140417307
L,R,54873,188620,1974463,6003214,0.2909182483299756,0.328900985372169,0.8845161956592683,-0.12271445502503919
L,S,95083,354701,1974463,6003214,0.26806521549135753,0.328900985372169,0.8150331784139456,-0.2045264568595294
L,T,64613,256264,1974463,6003214,0.25213451752879845,0.328900985372169,0.7665970268939596,-0.2657940043448471
L,V,356271,995039,1974463,6003214,0.3580472725189666,0.328900985372169,1.0886172083486374,0.08490827467240496
L,W,15564,54781,1974463,6003214,0.2841131049086362,0.328900985372169,0.8638256421979007,-0.14638433355473804
L,Y,30720,126265,1974463,6003214,0.2432978260008712,0.328900985372169,0.7397296962353783,-0.3014704348708121
M,A,36268,108071,839887,2061098,0.33559419270664653,0.40749493716455987,0.823554263132164,-0.19412583823577892
M,C,2834,12562,839887,2061098,0.22560101894602771,0.40749493716455987,0.5536290107450405,-0.591260472249251
M,D,2647,16440,839887,2061098,0.16100973236009733,0.40749493716455987,0.3951208166669229,-0.9285636958686204
M,E,10316,42478,839887,2061098,0.2428551250058854,0.40749493716455987,0.5959709013705182,-0.5175634363125072
M,F,14188,53943,839887,2061098,0.26301837124372024,0.40749493716455987,0.6454518749947187,-0.4378046260917856
M,G,5934,31022,839887,2061098,0.19128360518341822,0.40749493716455987,0.4694134521386007,-0.7562713378194797
M,H,3681,14264,839887,2061098,0.2580622546270331,0.40749493716455987,0.633289474521297,-0.456827655649506
M,I,148124,311965,839887,2061098,0.47480967416216563,0.40749493716455987,1.1651915910072321,0.15288552929649046
M,K,23481,68013,839887,2061098,0.345242821225354,0.40749493716455987,0.8472321733065694,-0.1657805093695421
M,L,251188,577275,839887,2061098,0.43512710579879604,0.40749493716455987,1.0678098452621447,0.06560967717830886
M,N,7199,28427,839887,2061098,0.2532451542547578,0.40749493716455987,0.6214682224444155,-0.47567049975785897
M,P,8114,40238,839887,2061098,0.20165018142054775,0.40749493716455987,0.49485321909438784,-0.7034940874683396
M,Q,15549,51725,839887,2061098,0.30060898985016915,0.40749493716455987,0.7376999379228443,-0.30421812524147834
M,R,16187,51677,839887,2061098,0.31323412736807477,0.40749493716455987,0.7686822554106495,-0.26307758678753046
M,S,20641,80556,839887,2061098,0.2562316897561944,0.40749493716455987,0.6287972349769824,-0.4639464351780451
M,T,97995,200472,839887,2061098,0.4888213815395666,0.40749493716455987,1.1995765761923183,0.18196864135355773
M,V,170115,349501,839887,2061098,0.48673680475878467,0.40749493716455987,1.19446098679313,0.17769502654975208
M,W,1711,6546,839887,2061098,0.26138099602810877,0.40749493716455987,0.6414337263840766,-0.44404941065448306
M,Y,3715,15923,839887,2061098,0.23331030584688814,0.40749493716455987,0.5725477412561564,-0.5576591561901174
N,A,40556,151278,1145102,3274669,0.2680892132365579,0.34968480783859374,0.7666595952326918,-0.2657123893850759
N,C,10008,32470,1145102,3274669,0.3082229750538959,0.34968480783859374,0.881430843275766,-0.12620873368098806
N,D,180632,482761,1145102,3274669,0.3741644416181092,0.34968480783859374,1.0700048536018032,0.06766318453997842
N,E,40698,189072,1145102,3274669,0.21525133282559025,0.34968480783859374,0.6155581483681304,-0.4852258644355057
N,F,5601,24160,1145102,3274669,0.2318294701986755,0.34968480783859374,0.6629669490980075,-0.41103014056976234
N,G,57355,220622,1145102,3274669,0.25996954066230926,0.34968480783859374,0.7434396200086137,-0.29646772685901274
N,H,83941,201350,1145102,3274669,0.41689098584554257,0.34968480783859374,1.1921907286231594,0.17579256307756003
N,I,20295,61158,1145102,3274669,0.3318453840871186,0.34968480783859374,0.9489842756917556,-0.05236304985431308
N,K,94839,270544,1145102,3274669,0.35054926370571887,0.34968480783859374,1.0024721001534735,0.0024690495404686937
N,L,11943,61286,1145102,3274669,0.19487321737427798,0.34968480783859374,0.5572824812687512,-0.5846830199110521
N,M,7714,27661,1145102,3274669,0.2788763963703409,0.34968480783859374,0.7975078988820803,-0.22626353981785455
N,P,12463,74794,1145102,3274669,0.16663101318287563,0.34968480783859374,0.47651773668070985,-0.7412503337459846
N,Q,36588,130161,1145102,3274669,0.28109802475395856,0.34968480783859374,0.8038611299456475,-0.21832874866986932
N,R,32624,122814,1145102,3274669,0.26563746804110283,0.34968480783859374,0.7596482949402675,-0.27489972262819523
N,S,363592,806716,1145102,3274669,0.450706320439907,0.34968480783859374,1.2888930555082692,0.2537837534928073
N,T,112907,298372,1145102,3274669,0.378410172536297,0.34968480783859374,1.082146447468665,0.07894652012744147
N,V,14856,61749,1145102,3274669,0.24058689209541856,0.34968480783859374,0.6880107076498095,-0.3739508777254119
N,W,808,4346,1145102,3274669,0.1859180855959503,0.34968480783859374,0.5316733281754857,-0.6317260230261229
N,Y,17682,53355,1145102,3274669,0.33140286758504356,0.34968480783859374,0.9477188032086636,-0.053697441815758945
P,A,177608,542075,985222,3792747,0.3276446986118157,0.2597647562571403,1.2613131332084222,0.23215334749509695
P,C,5483,28989,985222,3792747,0.18914070854462037,0.2597647562571403,0.7281230574535315,-0.3172852101066087
P,D,14379,113270,985222,3792747,0.12694446896795267,0.2597647562571403,0.48869011638472903,-0.7160266992102573
P,E,30752,179415,985222,3792747,0.17140149931722543,0.2597647562571403,0.6598335424208034,-0.4157676842248946
P,F,11600,58645,985222,3792747,0.19780032398328928,0.2597647562571403,0.7614594328858353,-0.27251838070438833
P,G,20031,143418,985222,3792747,0.13966866083755178,0.2597647562571403,0.5376736353691269,-0.6205035286001155
P,H,34137,135838,985222,3792747,0.25130670357337415,0.2597647562571403,0.9674395679936136,-0.03310231805113829
P,I,15515,79519,985222,3792747,0.19511060249751633,0.2597647562571403,0.7511049817103632,-0.286209847759426
P,K,25170,159980,985222,3792747,0.1573321665208151,0.2597647562571403,0.6056717192422844,-0.5014171571166902
P,L,120083,383651,985222,3792747,0.3130006177489437,0.2597647562571403,1.2049387386451509,0.1864287263516274
P,M,11393,50927,985222,3792747,0.22371237261177765,0.2597647562571403,0.8612114123377287,-0.1494152619102836
P,N,17066,103779,985222,3792747,0.1644456007477428,0.2597647562571403,0.6330558583742539,-0.45719661685404434
P,Q,99752,334915,985222,3792747,0.29784273621665197,0.2597647562571403,1.1465863980478492,0.1367891785645067
P,R,36031,169694,985222,3792747,0.21232925147618656,0.2597647562571403,0.8173905287829059,-0.20163829492312
P,S,232048,771252,985222,3792747,0.3008718291816423,0.2597647562571403,1.1582473062042729,0.14690791956555124
P,T,94266,335734,985222,3792747,0.2807758523116515,0.2597647562571403,1.0808850914082908,0.07778023458728132
P,V,32650,159305,985222,3792747,0.20495276356674305,0.2597647562571403,0.7889937284789357,-0.23699690686375288
P,W,1075,10324,985222,3792747,0.1041263076327005,0.2597647562571403,0.40084847972842863,-0.9141717791199802
P,Y,6183,32017,985222,3792747,0.19311615704157167,0.2597647562571403,0.7434270908190741,-0.2964845800032101
Q,A,44620,180093,1242491,3863854,0.2477608791013532,0.3215677921577782,0.7704779058836483,-0.2607442996705488
Q,C,7639,28273,1242491,3863854,0.2701871043044601,0.3215677921577782,0.8402181776086952,-0.17409368562169106
Q,D,30663,150766,1242491,3863854,0.20338139898916202,0.3215677921577782,0.6324681885099125,-0.4581253544912781
Q,E,183638,551202,1242491,3863854,0.33315916850809685,0.3215677921577782,1.0360464469172688,0.035411975764052084
Q,F,6187,28389,1242491,3863854,0.2179365247102751,0.3215677921577782,0.6777311970452062,-0.3890045341896782
Q,G,24682,118956,1242491,3863854,0.20748848313662194,0.3215677921577782,0.6452402516568484,-0.4381325483520936
Q,H,166272,383275,1242491,3863854,0.433819059422086,0.3215677921577782,1.3490749695766526,0.2994191498672372
Q,I,13685,52807,1242491,3863854,0.2591512488874581,0.3215677921577782,0.805899269788514,-0.21579651973408465
Q,K,171968,507114,1242491,3863854,0.3391111268866566,0.3215677921577782,1.054555633856113,0.05311947806195047
Q,L,89017,262285,1242491,3863854,0.3393903578168786,0.3215677921577782,1.0554239761995683,0.05394255937357963
Q,M,21904,65391,1242491,3863854,0.33496964414063096,0.3215677921577782,1.041676599179675,0.04083152968728331
Q,N,42055,161498,1242491,3863854,0.2604057016185959,0.3215677921577782,0.8098003219514815,-0.21096757781502523
Q,P,86410,275837,1242491,3863854,0.313264717931242,0.3215677921577782,0.974179397225011,-0.026159806237132623
Q,R,214668,533429,1242491,3863854,0.40243031406241503,0.3215677921577782,1.251463373747833,0.22431356557876309
Q,S,54715,246273,1242491,3863854,0.22217214229736917,0.3215677921577782,0.6909029688780516,-0.3697558863797416
Q,T,42557,156882,1242491,3863854,0.2712675769049349,0.3215677921577782,0.8435781925941037,-0.17010268112166918
Q,V,22707,92652,1242491,3863854,0.2450783577256832,0.3215677921577782,0.7621358970099679,-0.2716303966638635
Q,W,6302,20103,1242491,3863854,0.3134855494204845,0.3215677921577782,0.9748661310790475,-0.025455118868385015
Q,Y,12802,48629,1242491,3863854,0.2632585494252401,0.3215677921577782,0.8186720058583214,-0.20007175659057003
R,A,25717,140522,1414135,4147147,0.183010489460725,0.3409898419322971,0.5367036402716695,-0.6223092171287294
R,C,29568,70881,1414135,4147147,0.4171498709103991,0.3409898419322971,1.2233498468650086,0.20159287210699578
R,D,12426,81436,1414135,4147147,0.15258607986639816,0.3409898419322971,0.4474798398736284,-0.8041237928437583
R,E,36806,181375,1414135,4147147,0.2029276361130255,0.3409898419322971,0.595113434943075,-0.5190032446441789
R,F,4530,30144,1414135,4147147,0.15027866242038215,0.3409898419322971,0.4407130182201138,-0.8193613677018398
R,G,67296,227261,1414135,4147147,0.2961176796722711,0.3409898419322971,0.8684061612928186,-0.14109574600913627
R,H,110841,251034,1414135,4147147,0.44153779966060375,0.3409898419322971,1.2948708300473957,0.25841094503947787
R,I,15898,60015,1414135,4147147,0.2649004415562776,0.3409898419322971,0.776857281305386,-0.2524986246292168
R,K,580809,1405849,1414135,4147147,0.41313754179858575,0.3409898419322971,1.211583135314082,0.19192788072286676
R,L,49955,179214,1414135,4147147,0.2787449641211066,0.3409898419322971,0.817458263687664,-0.20155543110707913
R,M,16644,55424,1414135,4147147,0.3003031177829099,0.3409898419322971,0.8806805389895883,-0.12706033062210492
R,N,43697,156201,1414135,4147147,0.27974852913873793,0.3409898419322971,0.8204013572764478,-0.19796159837712815
R,P,34209,151218,1414135,4147147,0.22622306868229972,0.3409898419322971,0.6634305215673137,-0.4103311457383735
R,Q,203022,507976,1414135,4147147,0.3996684882750366,0.3409898419322971,1.1720832679654722,0.1587827363831583
R,S,81301,292235,1414135,4147147,0.2782041849881089,0.3409898419322971,0.8158723538847994,-0.20349736531707782
R,T,50374,176966,1414135,4147147,0.28465354926935116,0.3409898419322971,0.8347860090385584,-0.1805798635762701
R,V,20609,87091,1414135,4147147,0.23663754004432147,0.3409898419322971,0.6939724031172325,-0.36532308422673965
R,W,19859,48991,1414135,4147147,0.4053601681941581,0.3409898419322971,1.1887749086515065,0.1729232883079964
R,Y,10574,43314,1414135,4147147,0.2441243016114882,0.3409898419322971,0.7159283696784101,-0.3341751593746502
S,A,437567,1105611,2426875,7178429,0.39576939809752254,0.3380788470569257,1.1706422970345818,0.15755257000418682
S,C,96051,234639,2426875,7178429,0.40935650083745667,0.3380788470569257,1.2108314507134166,0.19130727297956193
S,D,60097,272878,2426875,7178429,0.22023395070324467,0.3380788470569257,0.6514277737884077,-0.42858874997738805
S,E,49573,270426,2426875,7178429,0.183314474199966,0.3380788470569257,0.5422240279028742,-0.6120760273279652
S,F,40667,129394,2426875,7178429,0.31428814319056525,0.3380788470569257,0.9296297178203682,-0.07296892500006386
S,G,231238,675754,2426875,7178429,0.34219257303693357,0.3380788470569257,1.0121679484410784,0.012094514053528637
S,H,37089,149864,2426875,7178429,0.24748438584316446,0.3380788470569257,0.7320315600860205,-0.3119316510786321
S,I,38113,140517,2426875,7178429,0.2712340855554844,0.3380788470569257,0.8022805564934207,-0.22029691122462944
S,K,56410,248234,2426875,7178429,0.22724526052031552,0.3380788470569257,0.6721664561345714,-0.39724926655099935
S,L,87986,317733,2426875,7178429,0.27691804124846964,0.3380788470569257,0.8190930715101563,-0.19955756115811057
S,M,22868,82641,2426875,7178429,0.2767149477862078,0.3380788470569257,0.8184923434136492,-0.20029123662685763
S,N,359222,821599,2426875,7178429,0.4372230248576252,0.3380788470569257,1.293257560074457,0.2571642756794574
S,P,224646,711866,2426875,7178429,0.3155734365737372,0.3380788470569257,0.9334314741099462,-0.06888772618282747
S,Q,52093,232558,2426875,7178429,0.22400003440002064,0.3380788470569257,0.6625674346384159,-0.4116329381683623
S,R,74538,269585,2426875,7178429,0.276491644564794,0.3380788470569257,0.8178318370750903,-0.20109854166128527
S,T,469370,1171702,2426875,7178429,0.400588204167954,0.3380788470569257,1.1848957947389798,0.16965483379128507
S,V,56283,228797,2426875,7178429,0.24599535833074734,0.3380788470569257,0.7276271806775496,-0.31796647641475984
S,W,4976,22128,2426875,7178429,0.22487346348517714,0.3380788470569257,0.6651509416893893,-0.40774128409829813
S,Y,28088,92503,2426875,7178429,0.3036442061338551,0.3380788470569257,0.8981461241280426,-0.10742250217153484
T,A,452543,955131,1897167,5134082,0.4738020229685771,0.36952409408342135,1.282195208796357,0.24857361585865473
T,C,17526,57627,1897167,5134082,0.30412827320526836,0.36952409408342135,0.8230269096786158,-0.194766381781748
T,D,21670,116632,1897167,5134082,0.1857980657109541,0.36952409408342135,0.5028036566108448,-0.6875555297967756
T,E,37995,176978,1897167,5134082,0.21468770129620632,0.36952409408342135,0.580984311263178,-0.5430315254841798
T,F,11932,53709,1897167,5134082,0.22216015937738554,0.36952409408342135,0.6012061539002977,-0.508817385127266
T,G,41113,175754,1897167,5134082,0.2339235522377869,0.36952409408342135,0.6330400533638216,-0.4572215833834938
T,H,17228,67034,1897167,5134082,0.2570039084643614,0.36952409408342135,0.6954997321672396,-0.36312465271254596
T,I,152088,335801,1897167,5134082,0.45291109913311756,0.36952409408342135,1.2256605357670434,0.20347991154472364
T,K,77330,244818,1897167,5134082,0.31586729733924795,0.36952409408342135,0.854794862897194,-0.15689376526835921
T,L,58949,227030,1897167,5134082,0.25965290930714,0.36952409408342135,0.7026684144945701,-0.35287017057097253
T,M,101167,204078,1897167,5134082,0.49572712394280616,0.36952409408342135,1.3415285549171634,0.29380967646927447
T,N,117333,310889,1897167,5134082,0.3774112303748283,0.36952409408342135,1.0213440379604217,0.021119444187054054
T,P,86537,301156,1897167,5134082,0.2873494135929551,0.36952409408342135,0.7776202369312486,-0.25151700131440374
T,Q,37666,145564,1897167,5134082,0.2587590338270451,0.36952409408342135,0.700249423434428,-0.35631868821329993
T,R,47321,162937,1897167,5134082,0.29042513364060957,0.36952409408342135,0.785943699722717,-0.24087011796990423
T,S,464723,1156538,1897167,5134082,0.401822508209847,0.36952409408342135,1.0874054348378543,0.08379452372883046
T,V,144442,398696,1897167,5134082,0.3622860525312519,0.36952409408342135,0.9804125315018418,-0.019781845380246566
T,W,1240,9492,1897167,5134082,0.1306363253265908,0.36952409408342135,0.3535258658860258,-1.039798625499094
T,Y,8364,34218,1897167,5134082,0.24443275469051376,0.36952409408342135,0.6614798834614888,-0.413275706378592
V,A,311546,764982,2172332,5521096,0.40725925577333844,0.3934602839726025,1.0350708123864842,0.03446984214166295
V,C,19538,64979,2172332,5521096,0.30068175872204866,0.3934602839726025,0.7641984997473996,-0.2689277071387604
V,D,16801,68910,2172332,5521096,0.24381076766797272,0.3934602839726025,0.6196578856862457,-0.4785877505193949
V,E,46923,154053,2172332,5521096,0.304589978773539,0.3934602839726025,0.7741314465038821,-0.256013592287076
V,F,46529,148638,2172332,5521096,0.3130356974663276,0.3934602839726025,0.795596684640539,-0.22866289912948023
V,G,45841,158737,2172332,5521096,0.2887858533297215,0.3934602839726025,0.7339644307018044,-0.3092947110761491
V,H,8027,39297,2172332,5521096,0.20426495661246405,0.3934602839726025,0.5191501275556631,-0.6555621745317255
V,I,853615,1689156,2172332,5521096,0.5053500091169791,0.3934602839726025,1.2843736196565336,0.250271143981911
V,K,21223,96195,2172332,5521096,0.22062477259732835,0.3934602839726025,0.5607294600862204,-0.5785167356129755
V,L,332751,898755,2172332,5521096,0.37023549243119647,0.3934602839726025,0.9409729711296013,-0.060840863369752966
V,M,169529,358321,2172332,5521096,0.4731204701929276,0.3934602839726025,1.2024605518402767,0.18436991733724836
V,N,14684,62221,2172332,5521096,0.23599749280789445,0.3934602839726025,0.5998000368045469,-0.511158951305865
V,P,26851,134440,2172332,5521096,0.19972478429038976,0.3934602839726025,0.5076110408752132,-0.6780397922452551
V,Q,21427,89188,2172332,5521096,0.2402453244831143,0.3934602839726025,0.6105961243596396,-0.49331954596707905
V,R,18919,83170,2172332,5521096,0.22747384874353732,0.3934602839726025,0.5781367472387043,-0.5479448513738575
V,S,59423,245786,2172332,5521096,0.24176722840194315,0.3934602839726025,0.6144641231915999,-0.4870047354207212
V,T,146205,406473,2172332,5521096,0.35969178764641196,0.3934602839726025,0.9141755910272714,-0.08973261325796926
V,W,2464,12254,2172332,5521096,0.20107719928186715,0.3934602839726025,0.511048274686521,-0.6712912222297331
V,Y,10036,45541,2172332,5521096,0.2203728508377067,0.3934602839726025,0.560089187688005,-0.579659244205483
W,A,2472,13009,103360,368467,0.19002229225920517,0.2805135873768886,0.6774085135630084,-0.3894807706777253
W,C,5837,17015,103360,368467,0.34305024977960624,0.2805135873768886,1.2229363040396881,0.20125477361503735
W,D,566,5204,103360,368467,0.10876249039200615,0.2805135873768886,0.387726282384591,-0.9474556460829606
W,E,2173,8888,103360,368467,0.24448694869486948,0.2805135873768886,0.8715690066249271,-0.13746023571678395
W,F,10190,38483,103360,368467,0.26479224592677286,0.2805135873768886,0.9439551517018209,-0.057676622755658685
W,G,4133,17836,103360,368467,0.23172235927337967,0.2805135873768886,0.8260646531964433,-0.1910822358893826
W,H,2286,12042,103360,368467,0.1898355754857997,0.2805135873768886,0.6767428888595797,-0.39046385832338476
W,I,1616,9817,103360,368467,0.16461240704899663,0.2805135873768886,0.5868250753494837,-0.5330285012652284
W,K,4006,14616,103360,368467,0.2740831964969896,0.2805135873768886,0.9770763657474483,-0.023190466485826757
W,L,16568,57703,103360,368467,0.28712545274942375,0.2805135873768886,1.0235705708032306,0.023297074209483133
W,M,2291,8042,103360,368467,0.2848793832380005,0.2805135873768886,1.0155635807232617,0.015443710342528645
W,N,856,5724,103360,368467,0.14954577218728163,0.2805135873768886,0.5331141838286677,-0.629019649188347
W,P,1412,9659,103360,368467,0.14618490526969666,0.2805135873768886,0.5211330639513285,-0.6517498687798561
W,Q,7785,21281,103360,368467,0.36581927540999015,0.2805135873768886,1.3041053691224151,0.2655172647816795
W,R,21736,51933,103360,368467,0.4185392717539907,0.2805135873768886,1.492046341383298,0.40014856120759684
W,S,5692,23464,103360,368467,0.24258438458915785,0.2805135873768886,0.8647865754296945,-0.14527253610129157
W,T,1867,9539,103360,368467,0.1957228220987525,0.2805135873768886,0.6977302737060859,-0.35992267825723295
W,V,2882,14029,103360,368467,0.20543160595908475,0.2805135873768886,0.732341017346421,-0.3115090028130526
W,Y,8992,30183,103360,368467,0.29791604545605144,0.2805135873768886,1.0620378436634568,0.06018955651956433
Y,A,8286,37151,537180,1493280,0.22303571909235284,0.3597315975570556,0.6200059172088103,-0.47802625710336455
Y,C,37976,88992,537180,1493280,0.4267349874145991,0.3597315975570556,1.1862593953730083,0.17080499114077968
Y,D,8631,34025,537180,1493280,0.2536664217487142,0.3597315975570556,0.7051546860808666,-0.3493380873566922
Y,E,5867,28303,537180,1493280,0.207292513161149,0.3597315975570556,0.5762421610135906,-0.5512272882109378
Y,F,220810,495150,537180,1493280,0.44594567302837523,0.3597315975570556,1.239662226106356,0.21483894420846356
Y,G,4231,22639,537180,1493280,0.18688988029506604,0.3597315975570556,0.5195258953181731,-0.6548386230669214
Y,H,105530,241751,537180,1493280,0.4365235304093882,0.3597315975570556,1.213470079842383,0.193484089796814
Y,I,7270,32284,537180,1493280,0.22518894808573905,0.3597315975570556,0.6259915715355606,-0.4684183719733809
Y,K,5280,25125,537180,1493280,0.21014925373134327,0.3597315975570556,0.5841834722289369,-0.5375401807177528
Y,L,28508,104225,537180,1493280,0.2735236267690094,0.3597315975570556,0.7603547439994534,-0.2739701861839192
Y,M,4237,16989,537180,1493280,0.24939666843251515,0.3597315975570556,0.6932854109179535,-0.36631351621203845
Y,N,19450,60836,537180,1493280,0.31971201262410415,0.3597315975570556,0.888751543637742,-0.11793756100235003
Y,P,5214,26280,537180,1493280,0.19840182648401827,0.3597315975570556,0.5515273827247009,-0.5950637901617827
Y,Q,14435,45086,537180,1493280,0.32016590515902943,0.3597315975570556,0.890013296950511,-0.1165188759737255
Y,R,11735,42490,537180,1493280,0.2761826312073429,0.3597315975570556,0.7677463783634927,-0.2642958368804164
Y,S,26646,92965,537180,1493280,0.28662399827892215,0.3597315975570556,0.7967718160578371,-0.22718694475068885
Y,T,8320,34375,537180,1493280,0.24203636363636363,0.3597315975570556,0.6728248652051624,-0.3962702132103011
Y,V,8667,39896,537180,1493280,0.21723982354120713,0.3597315975570556,0.603894195051219,-0.5043562701482965
Y,W,6087,24718,537180,1493280,0.24625778784691318,0.3597315975570556,0.6845597926878114,-0.37897928571243933
